NO,K,lon,lat
1,1,127.0785766,37.49946173
2,2,127.0559692,37.68685877
3,2,127.0785766,37.49946173
4,3,127.0559692,37.68685877
5,3,126.9339614,37.47361931
6,3,127.0785766,37.49946173
7,4,127.0559692,37.68685877
8,4,126.9339614,37.47361931
9,4,126.8475203,37.52995871
10,4,127.0785766,37.49946173
11,5,127.0559692,37.68685877
12,5,126.9339614,37.47361931
13,5,126.8475203,37.52995871
14,5,127.0785766,37.49946173
15,5,126.8608626,37.55797338
16,6,127.0559692,37.68685877
17,6,126.9339614,37.47361931
18,6,126.8475203,37.52995871
19,6,127.0785766,37.49946173
20,6,126.8608626,37.55797338
21,6,127.058973,37.56248502
22,7,127.0559692,37.68685877
23,7,126.9339614,37.47361931
24,7,126.8475203,37.52995871
25,7,126.8270683,37.53885739
26,7,127.0785766,37.49946173
27,7,126.8608626,37.55797338
28,7,127.058973,37.56248502
29,8,127.0559692,37.68685877
30,8,126.9339614,37.47361931
31,8,126.8475203,37.52995871
32,8,126.8270683,37.53885739
33,8,127.0785766,37.49946173
34,8,126.8164535,37.58566613
35,8,126.8608626,37.55797338
36,8,127.058973,37.56248502
37,9,127.0559692,37.68685877
38,9,126.9339614,37.47361931
39,9,126.8475203,37.52995871
40,9,126.8270683,37.53885739
41,9,126.9531867,37.47370984
42,9,127.0785766,37.49946173
43,9,126.8164535,37.58566613
44,9,126.8608626,37.55797338
45,9,127.058973,37.56248502
46,10,127.0559692,37.68685877
47,10,126.9339614,37.47361931
48,10,126.8475203,37.52995871
49,10,126.8270683,37.53885739
50,10,126.9531867,37.47370984
51,10,126.8602541,37.49667843
52,10,127.0785766,37.49946173
53,10,126.8164535,37.58566613
54,10,126.8608626,37.55797338
55,10,127.058973,37.56248502
56,11,127.0559692,37.68685877
57,11,126.9339614,37.47361931
58,11,126.8475203,37.52995871
59,11,126.8270683,37.53885739
60,11,126.9531867,37.47370984
61,11,126.8602541,37.49667843
62,11,126.8316682,37.53077141
63,11,127.0785766,37.49946173
64,11,126.8164535,37.58566613
65,11,126.8608626,37.55797338
66,11,127.058973,37.56248502
67,12,127.0559692,37.68685877
68,12,126.9339614,37.47361931
69,12,126.8475203,37.52995871
70,12,126.8270683,37.53885739
71,12,126.9531867,37.47370984
72,12,126.8602541,37.49667843
73,12,126.8316682,37.53077141
74,12,126.8374145,37.52088897
75,12,127.0785766,37.49946173
76,12,126.8164535,37.58566613
77,12,126.8608626,37.55797338
78,12,127.058973,37.56248502
79,13,127.0559692,37.68685877
80,13,126.9339614,37.47361931
81,13,126.8475203,37.52995871
82,13,126.8270683,37.53885739
83,13,126.9531867,37.47370984
84,13,126.8602541,37.49667843
85,13,126.8316682,37.53077141
86,13,126.8374145,37.52088897
87,13,127.0785766,37.49946173
88,13,126.8164535,37.58566613
89,13,127.0737078,37.55983509
90,13,126.8608626,37.55797338
91,13,127.058973,37.56248502
92,14,127.0559692,37.68685877
93,14,126.9339614,37.47361931
94,14,126.8475203,37.52995871
95,14,126.8270683,37.53885739
96,14,126.9531867,37.47370984
97,14,126.8602541,37.49667843
98,14,126.8316682,37.53077141
99,14,126.8374145,37.52088897
100,14,127.0785766,37.49946173
101,14,127.1034178,37.50856135
102,14,126.8164535,37.58566613
103,14,127.0737078,37.55983509
104,14,126.8608626,37.55797338
105,14,127.058973,37.56248502
106,15,127.0559692,37.68685877
107,15,126.9339614,37.47361931
108,15,126.8475203,37.52995871
109,15,126.8270683,37.53885739
110,15,126.9531867,37.47370984
111,15,126.8602541,37.49667843
112,15,126.8316682,37.53077141
113,15,126.8374145,37.52088897
114,15,127.0785766,37.49946173
115,15,127.1034178,37.50856135
116,15,126.8164535,37.58566613
117,15,127.0737078,37.55983509
118,15,127.0722508,37.61661466
119,15,126.8608626,37.55797338
120,15,127.058973,37.56248502
121,16,127.0559692,37.68685877
122,16,126.9339614,37.47361931
123,16,126.8475203,37.52995871
124,16,126.8270683,37.53885739
125,16,126.9531867,37.47370984
126,16,126.8602541,37.49667843
127,16,126.8316682,37.53077141
128,16,126.8374145,37.52088897
129,16,127.0792574,37.57968469
130,16,127.0785766,37.49946173
131,16,127.1034178,37.50856135
132,16,126.8164535,37.58566613
133,16,127.0737078,37.55983509
134,16,127.0722508,37.61661466
135,16,126.8608626,37.55797338
136,16,127.058973,37.56248502
137,17,127.0559692,37.68685877
138,17,126.9339614,37.47361931
139,17,126.8475203,37.52995871
140,17,126.8270683,37.53885739
141,17,126.9531867,37.47370984
142,17,126.8602541,37.49667843
143,17,126.8316682,37.53077141
144,17,126.8374145,37.52088897
145,17,127.0792574,37.57968469
146,17,127.0222801,37.63444973
147,17,127.0785766,37.49946173
148,17,127.1034178,37.50856135
149,17,126.8164535,37.58566613
150,17,127.0737078,37.55983509
151,17,127.0722508,37.61661466
152,17,126.8608626,37.55797338
153,17,127.058973,37.56248502
154,18,127.0559692,37.68685877
155,18,126.9339614,37.47361931
156,18,126.8475203,37.52995871
157,18,126.8270683,37.53885739
158,18,126.9531867,37.47370984
159,18,126.8602541,37.49667843
160,18,126.8316682,37.53077141
161,18,126.8374145,37.52088897
162,18,127.0792574,37.57968469
163,18,127.0222801,37.63444973
164,18,127.0840381,37.53463405
165,18,127.0785766,37.49946173
166,18,127.1034178,37.50856135
167,18,126.8164535,37.58566613
168,18,127.0737078,37.55983509
169,18,127.0722508,37.61661466
170,18,126.8608626,37.55797338
171,18,127.058973,37.56248502
172,19,127.0559692,37.68685877
173,19,126.9339614,37.47361931
174,19,126.8475203,37.52995871
175,19,126.8270683,37.53885739
176,19,126.9531867,37.47370984
177,19,126.8602541,37.49667843
178,19,126.8316682,37.53077141
179,19,126.8374145,37.52088897
180,19,127.0792574,37.57968469
181,19,127.0222801,37.63444973
182,19,127.0840381,37.53463405
183,19,126.8978669,37.46172322
184,19,127.0785766,37.49946173
185,19,127.1034178,37.50856135
186,19,126.8164535,37.58566613
187,19,127.0737078,37.55983509
188,19,127.0722508,37.61661466
189,19,126.8608626,37.55797338
190,19,127.058973,37.56248502
191,20,127.0559692,37.68685877
192,20,126.9339614,37.47361931
193,20,126.8475203,37.52995871
194,20,126.8270683,37.53885739
195,20,126.9531867,37.47370984
196,20,126.8602541,37.49667843
197,20,126.8316682,37.53077141
198,20,126.8374145,37.52088897
199,20,127.0792574,37.57968469
200,20,127.0222801,37.63444973
201,20,127.0840381,37.53463405
202,20,126.8978669,37.46172322
203,20,127.032418,37.64440506
204,20,127.0785766,37.49946173
205,20,127.1034178,37.50856135
206,20,126.8164535,37.58566613
207,20,127.0737078,37.55983509
208,20,127.0722508,37.61661466
209,20,126.8608626,37.55797338
210,20,127.058973,37.56248502
211,21,127.0559692,37.68685877
212,21,126.9339614,37.47361931
213,21,126.8475203,37.52995871
214,21,126.8270683,37.53885739
215,21,126.9531867,37.47370984
216,21,126.8602541,37.49667843
217,21,126.8316682,37.53077141
218,21,126.8374145,37.52088897
219,21,127.0792574,37.57968469
220,21,127.0222801,37.63444973
221,21,127.0840381,37.53463405
222,21,126.8978669,37.46172322
223,21,127.032418,37.64440506
224,21,127.0785766,37.49946173
225,21,127.0675304,37.64904569
226,21,127.1034178,37.50856135
227,21,126.8164535,37.58566613
228,21,127.0737078,37.55983509
229,21,127.0722508,37.61661466
230,21,126.8608626,37.55797338
231,21,127.058973,37.56248502
232,22,127.0559692,37.68685877
233,22,126.9339614,37.47361931
234,22,126.8475203,37.52995871
235,22,126.8270683,37.53885739
236,22,126.9531867,37.47370984
237,22,126.8602541,37.49667843
238,22,126.8316682,37.53077141
239,22,126.8374145,37.52088897
240,22,127.0792574,37.57968469
241,22,127.0222801,37.63444973
242,22,127.0840381,37.53463405
243,22,126.8978669,37.46172322
244,22,127.032418,37.64440506
245,22,127.0785766,37.49946173
246,22,127.0675304,37.64904569
247,22,126.9825529,37.47925026
248,22,127.1034178,37.50856135
249,22,126.8164535,37.58566613
250,22,127.0737078,37.55983509
251,22,127.0722508,37.61661466
252,22,126.8608626,37.55797338
253,22,127.058973,37.56248502
254,23,127.0559692,37.68685877
255,23,126.9339614,37.47361931
256,23,126.8475203,37.52995871
257,23,126.8270683,37.53885739
258,23,126.9531867,37.47370984
259,23,126.8602541,37.49667843
260,23,126.8316682,37.53077141
261,23,126.8374145,37.52088897
262,23,127.0792574,37.57968469
263,23,127.0222801,37.63444973
264,23,127.0840381,37.53463405
265,23,126.8978669,37.46172322
266,23,127.032418,37.64440506
267,23,127.0785766,37.49946173
268,23,127.0675304,37.64904569
269,23,126.9825529,37.47925026
270,23,126.9950363,37.47299474
271,23,127.1034178,37.50856135
272,23,126.8164535,37.58566613
273,23,127.0737078,37.55983509
274,23,127.0722508,37.61661466
275,23,126.8608626,37.55797338
276,23,127.058973,37.56248502
277,24,127.0559692,37.68685877
278,24,126.9339614,37.47361931
279,24,126.8475203,37.52995871
280,24,126.8270683,37.53885739
281,24,126.9531867,37.47370984
282,24,126.8602541,37.49667843
283,24,126.8316682,37.53077141
284,24,126.8374145,37.52088897
285,24,127.0792574,37.57968469
286,24,127.0222801,37.63444973
287,24,127.0840381,37.53463405
288,24,126.8978669,37.46172322
289,24,127.032418,37.64440506
290,24,127.0785766,37.49946173
291,24,127.0675304,37.64904569
292,24,126.9825529,37.47925026
293,24,126.9950363,37.47299474
294,24,127.1034178,37.50856135
295,24,127.0668206,37.57603432
296,24,126.8164535,37.58566613
297,24,127.0737078,37.55983509
298,24,127.0722508,37.61661466
299,24,126.8608626,37.55797338
300,24,127.058973,37.56248502
301,25,127.0559692,37.68685877
302,25,126.9339614,37.47361931
303,25,126.8475203,37.52995871
304,25,126.8270683,37.53885739
305,25,126.9531867,37.47370984
306,25,126.8602541,37.49667843
307,25,126.8316682,37.53077141
308,25,126.8374145,37.52088897
309,25,127.0792574,37.57968469
310,25,127.0222801,37.63444973
311,25,127.0840381,37.53463405
312,25,126.8978669,37.46172322
313,25,127.032418,37.64440506
314,25,127.0785766,37.49946173
315,25,127.0675304,37.64904569
316,25,126.9825529,37.47925026
317,25,126.9950363,37.47299474
318,25,127.1034178,37.50856135
319,25,127.0668206,37.57603432
320,25,127.0770739,37.5652553
321,25,126.8164535,37.58566613
322,25,127.0737078,37.55983509
323,25,127.0722508,37.61661466
324,25,126.8608626,37.55797338
325,25,127.058973,37.56248502
326,26,127.0559692,37.68685877
327,26,126.9339614,37.47361931
328,26,126.8475203,37.52995871
329,26,126.8270683,37.53885739
330,26,126.9531867,37.47370984
331,26,126.8602541,37.49667843
332,26,126.8316682,37.53077141
333,26,126.8374145,37.52088897
334,26,127.0792574,37.57968469
335,26,127.0222801,37.63444973
336,26,127.0840381,37.53463405
337,26,126.8978669,37.46172322
338,26,127.032418,37.64440506
339,26,127.0785766,37.49946173
340,26,127.0675304,37.64904569
341,26,126.9825529,37.47925026
342,26,126.9950363,37.47299474
343,26,127.1034178,37.50856135
344,26,127.0668206,37.57603432
345,26,127.0770739,37.5652553
346,26,127.128095,37.55190676
347,26,126.8164535,37.58566613
348,26,127.0737078,37.55983509
349,26,127.0722508,37.61661466
350,26,126.8608626,37.55797338
351,26,127.058973,37.56248502
352,27,127.0559692,37.68685877
353,27,126.9339614,37.47361931
354,27,126.8475203,37.52995871
355,27,126.8270683,37.53885739
356,27,126.9531867,37.47370984
357,27,126.8602541,37.49667843
358,27,126.8316682,37.53077141
359,27,126.8374145,37.52088897
360,27,127.0792574,37.57968469
361,27,127.0222801,37.63444973
362,27,127.0840381,37.53463405
363,27,126.8978669,37.46172322
364,27,127.032418,37.64440506
365,27,127.0785766,37.49946173
366,27,127.0675304,37.64904569
367,27,126.9825529,37.47925026
368,27,126.9950363,37.47299474
369,27,127.1034178,37.50856135
370,27,127.0668206,37.57603432
371,27,127.0770739,37.5652553
372,27,127.128095,37.55190676
373,27,127.0279354,37.63627517
374,27,126.8164535,37.58566613
375,27,127.0737078,37.55983509
376,27,127.0722508,37.61661466
377,27,126.8608626,37.55797338
378,27,127.058973,37.56248502
379,28,127.0559692,37.68685877
380,28,126.9339614,37.47361931
381,28,126.8475203,37.52995871
382,28,126.8270683,37.53885739
383,28,126.9531867,37.47370984
384,28,126.8602541,37.49667843
385,28,126.8316682,37.53077141
386,28,126.8374145,37.52088897
387,28,127.0792574,37.57968469
388,28,127.0222801,37.63444973
389,28,127.0840381,37.53463405
390,28,126.8978669,37.46172322
391,28,127.032418,37.64440506
392,28,127.0785766,37.49946173
393,28,127.0675304,37.64904569
394,28,126.9825529,37.47925026
395,28,126.9950363,37.47299474
396,28,127.1034178,37.50856135
397,28,127.0668206,37.57603432
398,28,127.0770739,37.5652553
399,28,127.128095,37.55190676
400,28,127.0279354,37.63627517
401,28,126.8164535,37.58566613
402,28,127.0413863,37.66066431
403,28,127.0737078,37.55983509
404,28,127.0722508,37.61661466
405,28,126.8608626,37.55797338
406,28,127.058973,37.56248502
407,29,127.0559692,37.68685877
408,29,126.9339614,37.47361931
409,29,126.8475203,37.52995871
410,29,126.8270683,37.53885739
411,29,126.9531867,37.47370984
412,29,126.8602541,37.49667843
413,29,126.8316682,37.53077141
414,29,126.8374145,37.52088897
415,29,127.0792574,37.57968469
416,29,127.0222801,37.63444973
417,29,127.0840381,37.53463405
418,29,126.8978669,37.46172322
419,29,127.032418,37.64440506
420,29,127.0785766,37.49946173
421,29,127.0675304,37.64904569
422,29,126.9825529,37.47925026
423,29,126.9950363,37.47299474
424,29,127.1034178,37.50856135
425,29,127.0668206,37.57603432
426,29,127.0770739,37.5652553
427,29,127.128095,37.55190676
428,29,127.0279354,37.63627517
429,29,126.8164535,37.58566613
430,29,127.0413863,37.66066431
431,29,127.0609412,37.61296776
432,29,127.0737078,37.55983509
433,29,127.0722508,37.61661466
434,29,126.8608626,37.55797338
435,29,127.058973,37.56248502
436,30,127.0559692,37.68685877
437,30,126.9339614,37.47361931
438,30,126.8475203,37.52995871
439,30,126.8270683,37.53885739
440,30,126.9531867,37.47370984
441,30,126.8602541,37.49667843
442,30,126.8316682,37.53077141
443,30,126.8374145,37.52088897
444,30,127.0792574,37.57968469
445,30,127.0222801,37.63444973
446,30,127.0840381,37.53463405
447,30,126.8978669,37.46172322
448,30,127.032418,37.64440506
449,30,127.0785766,37.49946173
450,30,127.0675304,37.64904569
451,30,126.9825529,37.47925026
452,30,126.9950363,37.47299474
453,30,127.1034178,37.50856135
454,30,127.0668206,37.57603432
455,30,127.0770739,37.5652553
456,30,127.128095,37.55190676
457,30,127.0279354,37.63627517
458,30,126.8164535,37.58566613
459,30,127.0413863,37.66066431
460,30,127.0609412,37.61296776
461,30,127.0737078,37.55983509
462,30,127.0722508,37.61661466
463,30,126.8608626,37.55797338
464,30,127.058973,37.56248502
465,30,126.9060274,37.57353209
466,31,127.0559692,37.68685877
467,31,126.9339614,37.47361931
468,31,126.8475203,37.52995871
469,31,126.8270683,37.53885739
470,31,126.9531867,37.47370984
471,31,126.8602541,37.49667843
472,31,126.8316682,37.53077141
473,31,126.8374145,37.52088897
474,31,127.0792574,37.57968469
475,31,127.0222801,37.63444973
476,31,127.0840381,37.53463405
477,31,126.8978669,37.46172322
478,31,127.032418,37.64440506
479,31,127.0785766,37.49946173
480,31,127.0675304,37.64904569
481,31,126.9825529,37.47925026
482,31,126.9950363,37.47299474
483,31,127.1034178,37.50856135
484,31,127.0668206,37.57603432
485,31,127.0770739,37.5652553
486,31,127.128095,37.55190676
487,31,127.0279354,37.63627517
488,31,126.8164535,37.58566613
489,31,127.0413863,37.66066431
490,31,127.0609412,37.61296776
491,31,127.0983262,37.61400227
492,31,127.0737078,37.55983509
493,31,127.0722508,37.61661466
494,31,126.8608626,37.55797338
495,31,127.058973,37.56248502
496,31,126.9060274,37.57353209
497,32,127.0559692,37.68685877
498,32,126.9339614,37.47361931
499,32,126.8475203,37.52995871
500,32,126.8270683,37.53885739
501,32,126.9531867,37.47370984
502,32,126.8602541,37.49667843
503,32,126.8316682,37.53077141
504,32,126.8374145,37.52088897
505,32,127.0792574,37.57968469
506,32,127.0222801,37.63444973
507,32,127.0840381,37.53463405
508,32,126.8978669,37.46172322
509,32,127.032418,37.64440506
510,32,127.0785766,37.49946173
511,32,127.0675304,37.64904569
512,32,126.9825529,37.47925026
513,32,126.9950363,37.47299474
514,32,127.1034178,37.50856135
515,32,127.0668206,37.57603432
516,32,127.0770739,37.5652553
517,32,127.128095,37.55190676
518,32,127.0279354,37.63627517
519,32,126.8164535,37.58566613
520,32,127.0413863,37.66066431
521,32,127.0609412,37.61296776
522,32,127.0983262,37.61400227
523,32,126.9213366,37.6439125
524,32,127.0737078,37.55983509
525,32,127.0722508,37.61661466
526,32,126.8608626,37.55797338
527,32,127.058973,37.56248502
528,32,126.9060274,37.57353209
529,33,127.0559692,37.68685877
530,33,126.9339614,37.47361931
531,33,126.8475203,37.52995871
532,33,126.8270683,37.53885739
533,33,126.9531867,37.47370984
534,33,126.8602541,37.49667843
535,33,126.8316682,37.53077141
536,33,126.8374145,37.52088897
537,33,127.0792574,37.57968469
538,33,127.0222801,37.63444973
539,33,127.0840381,37.53463405
540,33,126.8978669,37.46172322
541,33,127.032418,37.64440506
542,33,127.0785766,37.49946173
543,33,127.0675304,37.64904569
544,33,126.9825529,37.47925026
545,33,126.9950363,37.47299474
546,33,127.1034178,37.50856135
547,33,127.0668206,37.57603432
548,33,127.0770739,37.5652553
549,33,127.128095,37.55190676
550,33,127.0279354,37.63627517
551,33,126.8164535,37.58566613
552,33,127.0413863,37.66066431
553,33,127.0609412,37.61296776
554,33,127.0983262,37.61400227
555,33,126.9213366,37.6439125
556,33,127.0737078,37.55983509
557,33,127.0710452,37.62922907
558,33,127.0722508,37.61661466
559,33,126.8608626,37.55797338
560,33,127.058973,37.56248502
561,33,126.9060274,37.57353209
562,34,127.0559692,37.68685877
563,34,126.9339614,37.47361931
564,34,126.8475203,37.52995871
565,34,126.8270683,37.53885739
566,34,126.9531867,37.47370984
567,34,126.8602541,37.49667843
568,34,126.8316682,37.53077141
569,34,126.8374145,37.52088897
570,34,127.0792574,37.57968469
571,34,127.0222801,37.63444973
572,34,127.0840381,37.53463405
573,34,126.8978669,37.46172322
574,34,127.032418,37.64440506
575,34,127.0785766,37.49946173
576,34,127.0675304,37.64904569
577,34,126.9825529,37.47925026
578,34,126.9950363,37.47299474
579,34,127.1034178,37.50856135
580,34,127.0668206,37.57603432
581,34,127.0770739,37.5652553
582,34,127.128095,37.55190676
583,34,127.0279354,37.63627517
584,34,126.8164535,37.58566613
585,34,127.0413863,37.66066431
586,34,127.0609412,37.61296776
587,34,127.0983262,37.61400227
588,34,126.9213366,37.6439125
589,34,127.0737078,37.55983509
590,34,127.0710452,37.62922907
591,34,127.0722508,37.61661466
592,34,127.1095247,37.63927743
593,34,126.8608626,37.55797338
594,34,127.058973,37.56248502
595,34,126.9060274,37.57353209
596,35,127.0559692,37.68685877
597,35,126.9339614,37.47361931
598,35,126.8475203,37.52995871
599,35,126.8270683,37.53885739
600,35,126.9531867,37.47370984
601,35,126.8602541,37.49667843
602,35,126.8316682,37.53077141
603,35,126.8374145,37.52088897
604,35,127.0792574,37.57968469
605,35,127.0222801,37.63444973
606,35,127.0840381,37.53463405
607,35,126.8978669,37.46172322
608,35,127.032418,37.64440506
609,35,127.0785766,37.49946173
610,35,127.0675304,37.64904569
611,35,126.9825529,37.47925026
612,35,126.9950363,37.47299474
613,35,127.1034178,37.50856135
614,35,127.0668206,37.57603432
615,35,127.0770739,37.5652553
616,35,127.128095,37.55190676
617,35,127.0279354,37.63627517
618,35,126.8164535,37.58566613
619,35,127.0413863,37.66066431
620,35,127.0609412,37.61296776
621,35,127.0983262,37.61400227
622,35,126.9213366,37.6439125
623,35,127.0737078,37.55983509
624,35,127.0710452,37.62922907
625,35,127.0722508,37.61661466
626,35,127.1095247,37.63927743
627,35,126.8608626,37.55797338
628,35,126.8177259,37.57035075
629,35,127.058973,37.56248502
630,35,126.9060274,37.57353209
631,36,127.0559692,37.68685877
632,36,126.9339614,37.47361931
633,36,126.8475203,37.52995871
634,36,126.8270683,37.53885739
635,36,126.9531867,37.47370984
636,36,126.8602541,37.49667843
637,36,126.8316682,37.53077141
638,36,126.8374145,37.52088897
639,36,127.0792574,37.57968469
640,36,127.0222801,37.63444973
641,36,127.0840381,37.53463405
642,36,126.8978669,37.46172322
643,36,127.032418,37.64440506
644,36,127.0785766,37.49946173
645,36,127.0675304,37.64904569
646,36,126.9825529,37.47925026
647,36,126.9950363,37.47299474
648,36,127.1034178,37.50856135
649,36,127.0668206,37.57603432
650,36,127.0770739,37.5652553
651,36,127.128095,37.55190676
652,36,127.0279354,37.63627517
653,36,126.8164535,37.58566613
654,36,127.0413863,37.66066431
655,36,127.0609412,37.61296776
656,36,127.0983262,37.61400227
657,36,126.9213366,37.6439125
658,36,127.0737078,37.55983509
659,36,127.0710452,37.62922907
660,36,127.0722508,37.61661466
661,36,127.1095247,37.63927743
662,36,126.8608626,37.55797338
663,36,126.8177259,37.57035075
664,36,126.8301412,37.57492854
665,36,127.058973,37.56248502
666,36,126.9060274,37.57353209
667,37,127.0559692,37.68685877
668,37,126.9339614,37.47361931
669,37,126.8475203,37.52995871
670,37,126.8270683,37.53885739
671,37,126.9531867,37.47370984
672,37,126.8602541,37.49667843
673,37,126.8316682,37.53077141
674,37,126.8374145,37.52088897
675,37,127.0792574,37.57968469
676,37,127.0222801,37.63444973
677,37,127.0840381,37.53463405
678,37,126.8978669,37.46172322
679,37,127.032418,37.64440506
680,37,127.0785766,37.49946173
681,37,127.0675304,37.64904569
682,37,126.9825529,37.47925026
683,37,126.9950363,37.47299474
684,37,127.1034178,37.50856135
685,37,127.0668206,37.57603432
686,37,127.0770739,37.5652553
687,37,127.128095,37.55190676
688,37,127.0279354,37.63627517
689,37,126.8164535,37.58566613
690,37,127.0413863,37.66066431
691,37,127.0609412,37.61296776
692,37,127.0983262,37.61400227
693,37,126.9213366,37.6439125
694,37,127.0737078,37.55983509
695,37,127.0710452,37.62922907
696,37,127.0722508,37.61661466
697,37,127.1095247,37.63927743
698,37,126.8608626,37.55797338
699,37,126.8177259,37.57035075
700,37,126.8301412,37.57492854
701,37,127.1017975,37.60049387
702,37,127.058973,37.56248502
703,37,126.9060274,37.57353209
704,38,127.0559692,37.68685877
705,38,126.9339614,37.47361931
706,38,126.8475203,37.52995871
707,38,126.8270683,37.53885739
708,38,126.9531867,37.47370984
709,38,126.8602541,37.49667843
710,38,126.8316682,37.53077141
711,38,126.8374145,37.52088897
712,38,127.0792574,37.57968469
713,38,127.0222801,37.63444973
714,38,127.0840381,37.53463405
715,38,126.8978669,37.46172322
716,38,127.032418,37.64440506
717,38,127.0785766,37.49946173
718,38,127.0675304,37.64904569
719,38,126.9825529,37.47925026
720,38,126.9950363,37.47299474
721,38,127.1034178,37.50856135
722,38,127.0668206,37.57603432
723,38,127.0770739,37.5652553
724,38,127.128095,37.55190676
725,38,127.0279354,37.63627517
726,38,126.8164535,37.58566613
727,38,127.0413863,37.66066431
728,38,127.0609412,37.61296776
729,38,127.0983262,37.61400227
730,38,126.9213366,37.6439125
731,38,127.0737078,37.55983509
732,38,127.0710452,37.62922907
733,38,127.0722508,37.61661466
734,38,127.1095247,37.63927743
735,38,126.8608626,37.55797338
736,38,126.8177259,37.57035075
737,38,126.8301412,37.57492854
738,38,127.1017975,37.60049387
739,38,126.8883658,37.51755842
740,38,127.058973,37.56248502
741,38,126.9060274,37.57353209
742,39,127.0559692,37.68685877
743,39,126.9339614,37.47361931
744,39,126.8475203,37.52995871
745,39,126.8270683,37.53885739
746,39,126.9531867,37.47370984
747,39,126.8602541,37.49667843
748,39,126.8316682,37.53077141
749,39,126.8374145,37.52088897
750,39,127.0792574,37.57968469
751,39,127.0222801,37.63444973
752,39,127.0840381,37.53463405
753,39,126.8978669,37.46172322
754,39,127.032418,37.64440506
755,39,127.0785766,37.49946173
756,39,127.0675304,37.64904569
757,39,126.9825529,37.47925026
758,39,126.9950363,37.47299474
759,39,127.1034178,37.50856135
760,39,127.0668206,37.57603432
761,39,127.0770739,37.5652553
762,39,127.128095,37.55190676
763,39,127.0279354,37.63627517
764,39,126.8164535,37.58566613
765,39,127.0413863,37.66066431
766,39,127.0609412,37.61296776
767,39,127.0983262,37.61400227
768,39,126.9213366,37.6439125
769,39,127.0737078,37.55983509
770,39,127.0710452,37.62922907
771,39,127.0722508,37.61661466
772,39,127.1095247,37.63927743
773,39,126.8608626,37.55797338
774,39,126.8177259,37.57035075
775,39,126.8301412,37.57492854
776,39,127.1017975,37.60049387
777,39,126.8883658,37.51755842
778,39,127.058973,37.56248502
779,39,127.0356428,37.49028717
780,39,126.9060274,37.57353209
781,40,127.0559692,37.68685877
782,40,126.9339614,37.47361931
783,40,126.8475203,37.52995871
784,40,126.8270683,37.53885739
785,40,126.9531867,37.47370984
786,40,126.8602541,37.49667843
787,40,126.8316682,37.53077141
788,40,126.8374145,37.52088897
789,40,127.0792574,37.57968469
790,40,127.0222801,37.63444973
791,40,127.0840381,37.53463405
792,40,126.8978669,37.46172322
793,40,127.032418,37.64440506
794,40,127.0785766,37.49946173
795,40,127.0675304,37.64904569
796,40,126.9825529,37.47925026
797,40,126.9950363,37.47299474
798,40,127.1034178,37.50856135
799,40,127.0668206,37.57603432
800,40,127.0770739,37.5652553
801,40,127.128095,37.55190676
802,40,127.0279354,37.63627517
803,40,126.8164535,37.58566613
804,40,127.0413863,37.66066431
805,40,127.0609412,37.61296776
806,40,127.0983262,37.61400227
807,40,126.9213366,37.6439125
808,40,127.0737078,37.55983509
809,40,127.0710452,37.62922907
810,40,127.0722508,37.61661466
811,40,127.1095247,37.63927743
812,40,126.8608626,37.55797338
813,40,126.8177259,37.57035075
814,40,126.8301412,37.57492854
815,40,127.1017975,37.60049387
816,40,126.8883658,37.51755842
817,40,127.058973,37.56248502
818,40,127.0356428,37.49028717
819,40,127.0117006,37.51903408
820,40,126.9060274,37.57353209
821,41,127.0559692,37.68685877
822,41,126.9339614,37.47361931
823,41,126.8475203,37.52995871
824,41,126.8270683,37.53885739
825,41,126.9531867,37.47370984
826,41,126.8602541,37.49667843
827,41,126.8316682,37.53077141
828,41,126.8374145,37.52088897
829,41,127.0792574,37.57968469
830,41,127.0222801,37.63444973
831,41,127.0840381,37.53463405
832,41,126.8978669,37.46172322
833,41,127.032418,37.64440506
834,41,127.0785766,37.49946173
835,41,127.0675304,37.64904569
836,41,126.9825529,37.47925026
837,41,126.9950363,37.47299474
838,41,127.1034178,37.50856135
839,41,127.0668206,37.57603432
840,41,127.0770739,37.5652553
841,41,127.128095,37.55190676
842,41,127.0279354,37.63627517
843,41,126.8164535,37.58566613
844,41,127.0413863,37.66066431
845,41,127.0609412,37.61296776
846,41,127.0983262,37.61400227
847,41,126.9213366,37.6439125
848,41,127.0737078,37.55983509
849,41,127.0710452,37.62922907
850,41,127.0722508,37.61661466
851,41,127.1095247,37.63927743
852,41,126.8608626,37.55797338
853,41,126.8177259,37.57035075
854,41,126.8301412,37.57492854
855,41,127.1017975,37.60049387
856,41,126.8883658,37.51755842
857,41,127.058973,37.56248502
858,41,127.0356428,37.49028717
859,41,127.0117006,37.51903408
860,41,127.129303,37.53658752
861,41,126.9060274,37.57353209
862,42,127.0559692,37.68685877
863,42,126.9339614,37.47361931
864,42,126.8475203,37.52995871
865,42,126.8270683,37.53885739
866,42,126.9531867,37.47370984
867,42,126.8602541,37.49667843
868,42,126.8316682,37.53077141
869,42,126.8374145,37.52088897
870,42,127.0792574,37.57968469
871,42,127.0222801,37.63444973
872,42,127.0840381,37.53463405
873,42,126.8978669,37.46172322
874,42,127.032418,37.64440506
875,42,127.0785766,37.49946173
876,42,127.0675304,37.64904569
877,42,126.9825529,37.47925026
878,42,126.9950363,37.47299474
879,42,127.1034178,37.50856135
880,42,127.0668206,37.57603432
881,42,127.0770739,37.5652553
882,42,127.128095,37.55190676
883,42,127.0279354,37.63627517
884,42,126.8164535,37.58566613
885,42,127.0413863,37.66066431
886,42,127.0609412,37.61296776
887,42,127.0983262,37.61400227
888,42,126.9213366,37.6439125
889,42,127.0737078,37.55983509
890,42,127.0710452,37.62922907
891,42,127.0722508,37.61661466
892,42,127.1095247,37.63927743
893,42,126.8608626,37.55797338
894,42,126.8177259,37.57035075
895,42,126.8301412,37.57492854
896,42,127.1017975,37.60049387
897,42,126.8883658,37.51755842
898,42,127.058973,37.56248502
899,42,127.0356428,37.49028717
900,42,127.0117006,37.51903408
901,42,127.129303,37.53658752
902,42,127.0599462,37.5895291
903,42,126.9060274,37.57353209
904,43,127.0559692,37.68685877
905,43,126.9339614,37.47361931
906,43,126.8475203,37.52995871
907,43,126.8270683,37.53885739
908,43,126.9531867,37.47370984
909,43,126.8602541,37.49667843
910,43,126.8316682,37.53077141
911,43,126.8374145,37.52088897
912,43,127.0792574,37.57968469
913,43,127.0222801,37.63444973
914,43,127.0840381,37.53463405
915,43,126.8978669,37.46172322
916,43,127.032418,37.64440506
917,43,127.0785766,37.49946173
918,43,127.0675304,37.64904569
919,43,126.9825529,37.47925026
920,43,126.9950363,37.47299474
921,43,127.1034178,37.50856135
922,43,127.0668206,37.57603432
923,43,127.0770739,37.5652553
924,43,127.128095,37.55190676
925,43,127.0279354,37.63627517
926,43,126.8164535,37.58566613
927,43,127.0413863,37.66066431
928,43,127.0609412,37.61296776
929,43,127.0983262,37.61400227
930,43,126.9213366,37.6439125
931,43,127.0737078,37.55983509
932,43,127.0710452,37.62922907
933,43,127.0722508,37.61661466
934,43,127.1095247,37.63927743
935,43,126.8608626,37.55797338
936,43,126.8177259,37.57035075
937,43,126.8301412,37.57492854
938,43,127.1017975,37.60049387
939,43,126.8883658,37.51755842
940,43,127.058973,37.56248502
941,43,127.0356428,37.49028717
942,43,127.0117006,37.51903408
943,43,127.129303,37.53658752
944,43,127.0599462,37.5895291
945,43,127.0445947,37.69222338
946,43,126.9060274,37.57353209
947,44,127.0559692,37.68685877
948,44,126.9339614,37.47361931
949,44,126.8475203,37.52995871
950,44,126.8270683,37.53885739
951,44,126.9531867,37.47370984
952,44,126.8602541,37.49667843
953,44,126.8316682,37.53077141
954,44,126.8374145,37.52088897
955,44,127.0792574,37.57968469
956,44,127.0222801,37.63444973
957,44,127.0840381,37.53463405
958,44,126.8978669,37.46172322
959,44,127.032418,37.64440506
960,44,127.0785766,37.49946173
961,44,127.0675304,37.64904569
962,44,126.9825529,37.47925026
963,44,126.9950363,37.47299474
964,44,127.1034178,37.50856135
965,44,127.0668206,37.57603432
966,44,127.0770739,37.5652553
967,44,127.128095,37.55190676
968,44,127.0279354,37.63627517
969,44,126.8164535,37.58566613
970,44,127.0413863,37.66066431
971,44,127.0609412,37.61296776
972,44,127.0983262,37.61400227
973,44,126.9213366,37.6439125
974,44,127.0737078,37.55983509
975,44,127.0710452,37.62922907
976,44,127.0722508,37.61661466
977,44,127.1095247,37.63927743
978,44,126.8608626,37.55797338
979,44,126.8177259,37.57035075
980,44,126.8301412,37.57492854
981,44,127.1017975,37.60049387
982,44,126.8883658,37.51755842
983,44,127.058973,37.56248502
984,44,127.0356428,37.49028717
985,44,127.0117006,37.51903408
986,44,127.129303,37.53658752
987,44,127.0599462,37.5895291
988,44,127.0445947,37.69222338
989,44,127.075778,37.59409379
990,44,126.9060274,37.57353209
991,45,127.0559692,37.68685877
992,45,126.9339614,37.47361931
993,45,126.8475203,37.52995871
994,45,126.8270683,37.53885739
995,45,126.9531867,37.47370984
996,45,126.8602541,37.49667843
997,45,126.8316682,37.53077141
998,45,126.8374145,37.52088897
999,45,127.0792574,37.57968469
1000,45,127.0222801,37.63444973
1001,45,127.0840381,37.53463405
1002,45,126.8978669,37.46172322
1003,45,127.032418,37.64440506
1004,45,127.0785766,37.49946173
1005,45,127.0675304,37.64904569
1006,45,126.9825529,37.47925026
1007,45,126.9950363,37.47299474
1008,45,127.1034178,37.50856135
1009,45,127.0668206,37.57603432
1010,45,127.0770739,37.5652553
1011,45,127.128095,37.55190676
1012,45,127.0279354,37.63627517
1013,45,126.8164535,37.58566613
1014,45,127.0413863,37.66066431
1015,45,127.0609412,37.61296776
1016,45,127.0983262,37.61400227
1017,45,126.9213366,37.6439125
1018,45,127.0737078,37.55983509
1019,45,127.0710452,37.62922907
1020,45,127.0722508,37.61661466
1021,45,127.1095247,37.63927743
1022,45,126.8608626,37.55797338
1023,45,126.8177259,37.57035075
1024,45,126.8301412,37.57492854
1025,45,127.1017975,37.60049387
1026,45,126.8883658,37.51755842
1027,45,127.058973,37.56248502
1028,45,127.0356428,37.49028717
1029,45,127.0117006,37.51903408
1030,45,127.129303,37.53658752
1031,45,127.0599462,37.5895291
1032,45,127.0445947,37.69222338
1033,45,127.075778,37.59409379
1034,45,127.0438522,37.62822573
1035,45,126.9060274,37.57353209
1036,46,127.0559692,37.68685877
1037,46,126.9339614,37.47361931
1038,46,126.8475203,37.52995871
1039,46,126.8270683,37.53885739
1040,46,126.9531867,37.47370984
1041,46,126.8602541,37.49667843
1042,46,126.8316682,37.53077141
1043,46,126.8374145,37.52088897
1044,46,127.0792574,37.57968469
1045,46,127.0222801,37.63444973
1046,46,127.0840381,37.53463405
1047,46,126.8978669,37.46172322
1048,46,127.032418,37.64440506
1049,46,127.0785766,37.49946173
1050,46,127.0675304,37.64904569
1051,46,126.9825529,37.47925026
1052,46,126.9950363,37.47299474
1053,46,127.1034178,37.50856135
1054,46,127.0668206,37.57603432
1055,46,127.0770739,37.5652553
1056,46,127.128095,37.55190676
1057,46,127.0279354,37.63627517
1058,46,126.8164535,37.58566613
1059,46,127.0413863,37.66066431
1060,46,127.0609412,37.61296776
1061,46,127.0983262,37.61400227
1062,46,126.9213366,37.6439125
1063,46,127.0737078,37.55983509
1064,46,127.0710452,37.62922907
1065,46,127.0722508,37.61661466
1066,46,127.1095247,37.63927743
1067,46,126.8608626,37.55797338
1068,46,126.8177259,37.57035075
1069,46,126.8301412,37.57492854
1070,46,127.1017975,37.60049387
1071,46,126.8883658,37.51755842
1072,46,127.058973,37.56248502
1073,46,127.0356428,37.49028717
1074,46,127.0117006,37.51903408
1075,46,127.129303,37.53658752
1076,46,127.0599462,37.5895291
1077,46,127.0445947,37.69222338
1078,46,127.075778,37.59409379
1079,46,127.0438522,37.62822573
1080,46,127.0522496,37.55074215
1081,46,126.9060274,37.57353209
1082,47,127.0559692,37.68685877
1083,47,126.9339614,37.47361931
1084,47,126.8475203,37.52995871
1085,47,126.8270683,37.53885739
1086,47,126.9531867,37.47370984
1087,47,126.8602541,37.49667843
1088,47,126.8316682,37.53077141
1089,47,126.8374145,37.52088897
1090,47,127.0792574,37.57968469
1091,47,127.0222801,37.63444973
1092,47,127.0840381,37.53463405
1093,47,126.8978669,37.46172322
1094,47,127.032418,37.64440506
1095,47,127.0785766,37.49946173
1096,47,127.0675304,37.64904569
1097,47,126.9825529,37.47925026
1098,47,126.9950363,37.47299474
1099,47,127.1034178,37.50856135
1100,47,127.0668206,37.57603432
1101,47,127.0770739,37.5652553
1102,47,127.128095,37.55190676
1103,47,127.0279354,37.63627517
1104,47,126.8164535,37.58566613
1105,47,127.0413863,37.66066431
1106,47,127.0609412,37.61296776
1107,47,127.0983262,37.61400227
1108,47,126.9213366,37.6439125
1109,47,127.0737078,37.55983509
1110,47,127.0710452,37.62922907
1111,47,127.0722508,37.61661466
1112,47,127.1095247,37.63927743
1113,47,126.8608626,37.55797338
1114,47,126.8177259,37.57035075
1115,47,126.8301412,37.57492854
1116,47,127.1017975,37.60049387
1117,47,126.8883658,37.51755842
1118,47,127.058973,37.56248502
1119,47,127.0356428,37.49028717
1120,47,127.0117006,37.51903408
1121,47,127.129303,37.53658752
1122,47,127.0599462,37.5895291
1123,47,127.0445947,37.69222338
1124,47,127.075778,37.59409379
1125,47,127.0438522,37.62822573
1126,47,127.0522496,37.55074215
1127,47,126.929239,37.49973594
1128,47,126.9060274,37.57353209
1129,48,127.0559692,37.68685877
1130,48,126.9339614,37.47361931
1131,48,126.8475203,37.52995871
1132,48,126.8270683,37.53885739
1133,48,126.9531867,37.47370984
1134,48,126.8602541,37.49667843
1135,48,126.8316682,37.53077141
1136,48,126.8374145,37.52088897
1137,48,127.0792574,37.57968469
1138,48,127.0222801,37.63444973
1139,48,127.0840381,37.53463405
1140,48,126.8978669,37.46172322
1141,48,127.032418,37.64440506
1142,48,127.0785766,37.49946173
1143,48,127.0675304,37.64904569
1144,48,126.9825529,37.47925026
1145,48,126.9950363,37.47299474
1146,48,127.1034178,37.50856135
1147,48,127.0668206,37.57603432
1148,48,127.0770739,37.5652553
1149,48,127.128095,37.55190676
1150,48,127.0279354,37.63627517
1151,48,126.8164535,37.58566613
1152,48,127.0413863,37.66066431
1153,48,127.0609412,37.61296776
1154,48,127.0983262,37.61400227
1155,48,126.9213366,37.6439125
1156,48,127.0737078,37.55983509
1157,48,127.0710452,37.62922907
1158,48,127.0722508,37.61661466
1159,48,127.1095247,37.63927743
1160,48,126.8608626,37.55797338
1161,48,126.8177259,37.57035075
1162,48,126.8301412,37.57492854
1163,48,127.1017975,37.60049387
1164,48,126.8883658,37.51755842
1165,48,127.058973,37.56248502
1166,48,127.0356428,37.49028717
1167,48,127.0117006,37.51903408
1168,48,127.129303,37.53658752
1169,48,127.0599462,37.5895291
1170,48,127.0445947,37.69222338
1171,48,127.075778,37.59409379
1172,48,127.0438522,37.62822573
1173,48,127.0522496,37.55074215
1174,48,126.929239,37.49973594
1175,48,126.9060274,37.57353209
1176,48,127.1317174,37.50594889
1177,49,127.0559692,37.68685877
1178,49,126.9339614,37.47361931
1179,49,126.8475203,37.52995871
1180,49,126.8270683,37.53885739
1181,49,126.9531867,37.47370984
1182,49,126.8602541,37.49667843
1183,49,126.8316682,37.53077141
1184,49,126.8374145,37.52088897
1185,49,127.0792574,37.57968469
1186,49,127.0222801,37.63444973
1187,49,127.0840381,37.53463405
1188,49,126.8978669,37.46172322
1189,49,127.032418,37.64440506
1190,49,127.0785766,37.49946173
1191,49,127.0675304,37.64904569
1192,49,126.9825529,37.47925026
1193,49,126.9950363,37.47299474
1194,49,127.1034178,37.50856135
1195,49,127.0668206,37.57603432
1196,49,127.0770739,37.5652553
1197,49,127.128095,37.55190676
1198,49,127.0279354,37.63627517
1199,49,126.8164535,37.58566613
1200,49,127.0413863,37.66066431
1201,49,127.0609412,37.61296776
1202,49,127.0983262,37.61400227
1203,49,126.9213366,37.6439125
1204,49,127.0737078,37.55983509
1205,49,127.0710452,37.62922907
1206,49,127.0722508,37.61661466
1207,49,127.1095247,37.63927743
1208,49,126.8608626,37.55797338
1209,49,126.8177259,37.57035075
1210,49,126.8301412,37.57492854
1211,49,127.1017975,37.60049387
1212,49,126.8883658,37.51755842
1213,49,127.058973,37.56248502
1214,49,127.0356428,37.49028717
1215,49,127.0117006,37.51903408
1216,49,127.129303,37.53658752
1217,49,127.0599462,37.5895291
1218,49,127.0445947,37.69222338
1219,49,127.075778,37.59409379
1220,49,127.0438522,37.62822573
1221,49,127.0522496,37.55074215
1222,49,126.929239,37.49973594
1223,49,126.9060274,37.57353209
1224,49,127.1317174,37.50594889
1225,49,126.8376614,37.49294851
1226,50,127.0559692,37.68685877
1227,50,126.9339614,37.47361931
1228,50,126.8475203,37.52995871
1229,50,126.8270683,37.53885739
1230,50,126.9531867,37.47370984
1231,50,126.8602541,37.49667843
1232,50,126.8316682,37.53077141
1233,50,126.8374145,37.52088897
1234,50,127.0792574,37.57968469
1235,50,127.0222801,37.63444973
1236,50,127.0840381,37.53463405
1237,50,126.8978669,37.46172322
1238,50,127.032418,37.64440506
1239,50,127.0785766,37.49946173
1240,50,127.0675304,37.64904569
1241,50,126.9825529,37.47925026
1242,50,126.9950363,37.47299474
1243,50,127.1034178,37.50856135
1244,50,127.0668206,37.57603432
1245,50,127.0770739,37.5652553
1246,50,127.128095,37.55190676
1247,50,127.0279354,37.63627517
1248,50,126.8164535,37.58566613
1249,50,127.0413863,37.66066431
1250,50,127.0609412,37.61296776
1251,50,127.0983262,37.61400227
1252,50,126.9213366,37.6439125
1253,50,127.0737078,37.55983509
1254,50,127.0710452,37.62922907
1255,50,127.0722508,37.61661466
1256,50,127.1095247,37.63927743
1257,50,126.8608626,37.55797338
1258,50,126.8177259,37.57035075
1259,50,126.8301412,37.57492854
1260,50,127.1017975,37.60049387
1261,50,126.8883658,37.51755842
1262,50,127.058973,37.56248502
1263,50,127.0356428,37.49028717
1264,50,127.0117006,37.51903408
1265,50,127.129303,37.53658752
1266,50,127.0599462,37.5895291
1267,50,127.0445947,37.69222338
1268,50,127.075778,37.59409379
1269,50,127.0438522,37.62822573
1270,50,127.0522496,37.55074215
1271,50,126.929239,37.49973594
1272,50,126.9060274,37.57353209
1273,50,127.1317174,37.50594889
1274,50,126.8376614,37.49294851
1275,50,126.9649835,37.5638992
1276,51,127.0559692,37.68685877
1277,51,126.9339614,37.47361931
1278,51,126.8475203,37.52995871
1279,51,126.8270683,37.53885739
1280,51,126.9531867,37.47370984
1281,51,126.8602541,37.49667843
1282,51,126.8316682,37.53077141
1283,51,126.8374145,37.52088897
1284,51,127.0792574,37.57968469
1285,51,127.0222801,37.63444973
1286,51,127.0840381,37.53463405
1287,51,126.8978669,37.46172322
1288,51,127.032418,37.64440506
1289,51,127.0785766,37.49946173
1290,51,127.0675304,37.64904569
1291,51,126.9825529,37.47925026
1292,51,126.9950363,37.47299474
1293,51,127.1034178,37.50856135
1294,51,127.0668206,37.57603432
1295,51,127.0770739,37.5652553
1296,51,127.128095,37.55190676
1297,51,127.0279354,37.63627517
1298,51,126.8164535,37.58566613
1299,51,127.0413863,37.66066431
1300,51,127.0609412,37.61296776
1301,51,127.0983262,37.61400227
1302,51,126.9213366,37.6439125
1303,51,127.0737078,37.55983509
1304,51,127.0710452,37.62922907
1305,51,127.0722508,37.61661466
1306,51,127.1095247,37.63927743
1307,51,126.8608626,37.55797338
1308,51,126.8177259,37.57035075
1309,51,126.8301412,37.57492854
1310,51,127.1017975,37.60049387
1311,51,126.8883658,37.51755842
1312,51,127.058973,37.56248502
1313,51,127.0356428,37.49028717
1314,51,127.0117006,37.51903408
1315,51,127.129303,37.53658752
1316,51,127.0599462,37.5895291
1317,51,127.0445947,37.69222338
1318,51,127.075778,37.59409379
1319,51,127.0438522,37.62822573
1320,51,127.0522496,37.55074215
1321,51,126.929239,37.49973594
1322,51,126.9060274,37.57353209
1323,51,127.1317174,37.50594889
1324,51,126.8376614,37.49294851
1325,51,126.9649835,37.5638992
1326,51,127.1463365,37.52492212
1327,52,127.0559692,37.68685877
1328,52,126.9339614,37.47361931
1329,52,126.8475203,37.52995871
1330,52,126.8270683,37.53885739
1331,52,126.9531867,37.47370984
1332,52,126.8602541,37.49667843
1333,52,126.8316682,37.53077141
1334,52,126.8374145,37.52088897
1335,52,127.0792574,37.57968469
1336,52,127.0222801,37.63444973
1337,52,127.0840381,37.53463405
1338,52,126.8978669,37.46172322
1339,52,127.032418,37.64440506
1340,52,127.0785766,37.49946173
1341,52,127.0675304,37.64904569
1342,52,126.9825529,37.47925026
1343,52,126.9950363,37.47299474
1344,52,127.1034178,37.50856135
1345,52,127.0668206,37.57603432
1346,52,127.0770739,37.5652553
1347,52,127.128095,37.55190676
1348,52,127.0279354,37.63627517
1349,52,126.8164535,37.58566613
1350,52,127.0413863,37.66066431
1351,52,127.0609412,37.61296776
1352,52,127.0983262,37.61400227
1353,52,126.9213366,37.6439125
1354,52,127.0737078,37.55983509
1355,52,127.0710452,37.62922907
1356,52,127.0722508,37.61661466
1357,52,127.1095247,37.63927743
1358,52,126.8608626,37.55797338
1359,52,126.8177259,37.57035075
1360,52,126.8301412,37.57492854
1361,52,127.1017975,37.60049387
1362,52,126.8883658,37.51755842
1363,52,127.058973,37.56248502
1364,52,127.0356428,37.49028717
1365,52,127.0117006,37.51903408
1366,52,127.129303,37.53658752
1367,52,127.0599462,37.5895291
1368,52,127.0445947,37.69222338
1369,52,127.075778,37.59409379
1370,52,127.0438522,37.62822573
1371,52,127.0522496,37.55074215
1372,52,126.929239,37.49973594
1373,52,126.9060274,37.57353209
1374,52,127.1317174,37.50594889
1375,52,126.8376614,37.49294851
1376,52,126.9649835,37.5638992
1377,52,127.1463365,37.52492212
1378,52,127.1058513,37.47612045
1379,53,127.0559692,37.68685877
1380,53,126.9339614,37.47361931
1381,53,126.8475203,37.52995871
1382,53,126.8270683,37.53885739
1383,53,126.9531867,37.47370984
1384,53,126.8602541,37.49667843
1385,53,126.8316682,37.53077141
1386,53,126.8374145,37.52088897
1387,53,127.0792574,37.57968469
1388,53,127.0222801,37.63444973
1389,53,127.0840381,37.53463405
1390,53,126.8978669,37.46172322
1391,53,127.032418,37.64440506
1392,53,127.0785766,37.49946173
1393,53,127.0675304,37.64904569
1394,53,126.9825529,37.47925026
1395,53,126.9950363,37.47299474
1396,53,127.1034178,37.50856135
1397,53,127.0668206,37.57603432
1398,53,127.0770739,37.5652553
1399,53,127.128095,37.55190676
1400,53,127.0279354,37.63627517
1401,53,126.8164535,37.58566613
1402,53,127.0413863,37.66066431
1403,53,127.0609412,37.61296776
1404,53,127.0983262,37.61400227
1405,53,126.9213366,37.6439125
1406,53,127.0737078,37.55983509
1407,53,127.0710452,37.62922907
1408,53,127.0722508,37.61661466
1409,53,127.1095247,37.63927743
1410,53,126.8608626,37.55797338
1411,53,126.8177259,37.57035075
1412,53,126.8301412,37.57492854
1413,53,127.1017975,37.60049387
1414,53,126.8883658,37.51755842
1415,53,127.058973,37.56248502
1416,53,127.0356428,37.49028717
1417,53,127.0117006,37.51903408
1418,53,127.129303,37.53658752
1419,53,127.0599462,37.5895291
1420,53,127.0445947,37.69222338
1421,53,127.075778,37.59409379
1422,53,127.0438522,37.62822573
1423,53,127.0522496,37.55074215
1424,53,126.929239,37.49973594
1425,53,126.9060274,37.57353209
1426,53,127.1317174,37.50594889
1427,53,126.8376614,37.49294851
1428,53,126.9649835,37.5638992
1429,53,127.1463365,37.52492212
1430,53,127.1058513,37.47612045
1431,53,127.0169049,37.58936078
1432,54,127.0559692,37.68685877
1433,54,126.9339614,37.47361931
1434,54,126.8475203,37.52995871
1435,54,126.8270683,37.53885739
1436,54,126.9531867,37.47370984
1437,54,126.8602541,37.49667843
1438,54,126.8316682,37.53077141
1439,54,126.8374145,37.52088897
1440,54,127.0792574,37.57968469
1441,54,127.0222801,37.63444973
1442,54,127.0840381,37.53463405
1443,54,126.8978669,37.46172322
1444,54,127.032418,37.64440506
1445,54,127.0785766,37.49946173
1446,54,127.0675304,37.64904569
1447,54,126.9825529,37.47925026
1448,54,126.9950363,37.47299474
1449,54,127.1034178,37.50856135
1450,54,127.0668206,37.57603432
1451,54,127.0770739,37.5652553
1452,54,127.128095,37.55190676
1453,54,127.0279354,37.63627517
1454,54,126.8164535,37.58566613
1455,54,127.0413863,37.66066431
1456,54,127.0609412,37.61296776
1457,54,127.0983262,37.61400227
1458,54,126.9213366,37.6439125
1459,54,127.0737078,37.55983509
1460,54,127.0710452,37.62922907
1461,54,127.0722508,37.61661466
1462,54,127.1095247,37.63927743
1463,54,126.8608626,37.55797338
1464,54,126.8177259,37.57035075
1465,54,126.8301412,37.57492854
1466,54,127.1017975,37.60049387
1467,54,126.8883658,37.51755842
1468,54,127.058973,37.56248502
1469,54,127.0356428,37.49028717
1470,54,127.0117006,37.51903408
1471,54,127.129303,37.53658752
1472,54,127.0599462,37.5895291
1473,54,127.0445947,37.69222338
1474,54,127.075778,37.59409379
1475,54,127.0438522,37.62822573
1476,54,127.0522496,37.55074215
1477,54,126.929239,37.49973594
1478,54,126.9060274,37.57353209
1479,54,127.1317174,37.50594889
1480,54,126.8376614,37.49294851
1481,54,126.9649835,37.5638992
1482,54,127.1463365,37.52492212
1483,54,127.1058513,37.47612045
1484,54,127.0169049,37.58936078
1485,54,126.900322,37.57891129
1486,55,127.0559692,37.68685877
1487,55,126.9339614,37.47361931
1488,55,126.8475203,37.52995871
1489,55,126.8270683,37.53885739
1490,55,126.9531867,37.47370984
1491,55,126.8602541,37.49667843
1492,55,126.8316682,37.53077141
1493,55,126.8374145,37.52088897
1494,55,127.0792574,37.57968469
1495,55,127.0222801,37.63444973
1496,55,127.0840381,37.53463405
1497,55,126.8978669,37.46172322
1498,55,127.032418,37.64440506
1499,55,127.0785766,37.49946173
1500,55,127.0675304,37.64904569
1501,55,126.9825529,37.47925026
1502,55,126.9950363,37.47299474
1503,55,127.1034178,37.50856135
1504,55,127.0668206,37.57603432
1505,55,127.0770739,37.5652553
1506,55,127.128095,37.55190676
1507,55,127.0279354,37.63627517
1508,55,126.8164535,37.58566613
1509,55,127.0413863,37.66066431
1510,55,127.0609412,37.61296776
1511,55,127.0983262,37.61400227
1512,55,126.9213366,37.6439125
1513,55,127.0737078,37.55983509
1514,55,127.0710452,37.62922907
1515,55,127.0722508,37.61661466
1516,55,127.1095247,37.63927743
1517,55,126.8608626,37.55797338
1518,55,126.8177259,37.57035075
1519,55,126.8301412,37.57492854
1520,55,127.1017975,37.60049387
1521,55,126.8883658,37.51755842
1522,55,127.058973,37.56248502
1523,55,127.0356428,37.49028717
1524,55,127.0117006,37.51903408
1525,55,127.129303,37.53658752
1526,55,127.0599462,37.5895291
1527,55,127.0445947,37.69222338
1528,55,127.075778,37.59409379
1529,55,127.0438522,37.62822573
1530,55,127.0522496,37.55074215
1531,55,126.929239,37.49973594
1532,55,126.9060274,37.57353209
1533,55,127.1317174,37.50594889
1534,55,126.8376614,37.49294851
1535,55,126.9649835,37.5638992
1536,55,127.1463365,37.52492212
1537,55,127.1058513,37.47612045
1538,55,127.0169049,37.58936078
1539,55,126.900322,37.57891129
1540,55,126.8995368,37.53564274
1541,56,127.0559692,37.68685877
1542,56,126.9339614,37.47361931
1543,56,126.8475203,37.52995871
1544,56,126.8270683,37.53885739
1545,56,126.9531867,37.47370984
1546,56,126.8602541,37.49667843
1547,56,126.8316682,37.53077141
1548,56,126.8374145,37.52088897
1549,56,127.0792574,37.57968469
1550,56,127.0222801,37.63444973
1551,56,127.0840381,37.53463405
1552,56,126.8978669,37.46172322
1553,56,127.032418,37.64440506
1554,56,127.0785766,37.49946173
1555,56,127.0675304,37.64904569
1556,56,126.9825529,37.47925026
1557,56,126.9950363,37.47299474
1558,56,127.1034178,37.50856135
1559,56,127.0668206,37.57603432
1560,56,127.0770739,37.5652553
1561,56,127.128095,37.55190676
1562,56,127.0279354,37.63627517
1563,56,126.8164535,37.58566613
1564,56,127.0413863,37.66066431
1565,56,127.0609412,37.61296776
1566,56,127.0983262,37.61400227
1567,56,126.9213366,37.6439125
1568,56,127.0737078,37.55983509
1569,56,127.0710452,37.62922907
1570,56,127.0722508,37.61661466
1571,56,127.1095247,37.63927743
1572,56,126.8608626,37.55797338
1573,56,126.8177259,37.57035075
1574,56,126.8301412,37.57492854
1575,56,127.1017975,37.60049387
1576,56,126.8883658,37.51755842
1577,56,127.058973,37.56248502
1578,56,127.0356428,37.49028717
1579,56,127.0117006,37.51903408
1580,56,127.129303,37.53658752
1581,56,127.0599462,37.5895291
1582,56,127.0445947,37.69222338
1583,56,127.075778,37.59409379
1584,56,127.0438522,37.62822573
1585,56,127.0522496,37.55074215
1586,56,126.929239,37.49973594
1587,56,126.9060274,37.57353209
1588,56,127.1317174,37.50594889
1589,56,126.8376614,37.49294851
1590,56,126.9649835,37.5638992
1591,56,127.1463365,37.52492212
1592,56,127.1058513,37.47612045
1593,56,127.0169049,37.58936078
1594,56,126.900322,37.57891129
1595,56,126.8995368,37.53564274
1596,56,126.8168487,37.54240409
1597,57,127.0559692,37.68685877
1598,57,126.9339614,37.47361931
1599,57,126.8475203,37.52995871
1600,57,126.8270683,37.53885739
1601,57,126.9531867,37.47370984
1602,57,126.8602541,37.49667843
1603,57,126.8316682,37.53077141
1604,57,126.8374145,37.52088897
1605,57,127.0792574,37.57968469
1606,57,127.0222801,37.63444973
1607,57,127.0840381,37.53463405
1608,57,126.8978669,37.46172322
1609,57,127.032418,37.64440506
1610,57,127.0785766,37.49946173
1611,57,127.0675304,37.64904569
1612,57,126.9825529,37.47925026
1613,57,126.9950363,37.47299474
1614,57,127.1034178,37.50856135
1615,57,127.0668206,37.57603432
1616,57,127.0770739,37.5652553
1617,57,127.128095,37.55190676
1618,57,127.0279354,37.63627517
1619,57,126.8164535,37.58566613
1620,57,127.0413863,37.66066431
1621,57,127.0609412,37.61296776
1622,57,127.0983262,37.61400227
1623,57,126.9213366,37.6439125
1624,57,127.0737078,37.55983509
1625,57,127.0710452,37.62922907
1626,57,127.0722508,37.61661466
1627,57,127.1095247,37.63927743
1628,57,126.8608626,37.55797338
1629,57,126.8177259,37.57035075
1630,57,126.8301412,37.57492854
1631,57,127.1017975,37.60049387
1632,57,126.8883658,37.51755842
1633,57,127.058973,37.56248502
1634,57,127.0356428,37.49028717
1635,57,127.0117006,37.51903408
1636,57,127.129303,37.53658752
1637,57,127.0599462,37.5895291
1638,57,127.0445947,37.69222338
1639,57,127.075778,37.59409379
1640,57,127.0438522,37.62822573
1641,57,127.0522496,37.55074215
1642,57,126.929239,37.49973594
1643,57,126.9060274,37.57353209
1644,57,127.1317174,37.50594889
1645,57,126.8376614,37.49294851
1646,57,126.9649835,37.5638992
1647,57,127.1463365,37.52492212
1648,57,127.1058513,37.47612045
1649,57,127.0169049,37.58936078
1650,57,126.900322,37.57891129
1651,57,126.8995368,37.53564274
1652,57,126.8168487,37.54240409
1653,57,126.8018228,37.57566579
1654,58,127.0559692,37.68685877
1655,58,126.9339614,37.47361931
1656,58,126.8475203,37.52995871
1657,58,126.8270683,37.53885739
1658,58,126.9531867,37.47370984
1659,58,126.8602541,37.49667843
1660,58,126.8316682,37.53077141
1661,58,126.8374145,37.52088897
1662,58,127.0792574,37.57968469
1663,58,127.0222801,37.63444973
1664,58,127.0840381,37.53463405
1665,58,126.8978669,37.46172322
1666,58,127.032418,37.64440506
1667,58,127.0785766,37.49946173
1668,58,127.0675304,37.64904569
1669,58,126.9825529,37.47925026
1670,58,126.9950363,37.47299474
1671,58,127.1034178,37.50856135
1672,58,127.0668206,37.57603432
1673,58,127.0770739,37.5652553
1674,58,127.128095,37.55190676
1675,58,127.0279354,37.63627517
1676,58,126.8164535,37.58566613
1677,58,127.0413863,37.66066431
1678,58,127.0609412,37.61296776
1679,58,127.0983262,37.61400227
1680,58,126.9213366,37.6439125
1681,58,127.0737078,37.55983509
1682,58,127.0710452,37.62922907
1683,58,127.0722508,37.61661466
1684,58,127.1095247,37.63927743
1685,58,126.8608626,37.55797338
1686,58,126.8177259,37.57035075
1687,58,126.8301412,37.57492854
1688,58,127.1017975,37.60049387
1689,58,126.8883658,37.51755842
1690,58,127.058973,37.56248502
1691,58,127.0356428,37.49028717
1692,58,127.0117006,37.51903408
1693,58,127.129303,37.53658752
1694,58,127.0599462,37.5895291
1695,58,127.0445947,37.69222338
1696,58,127.075778,37.59409379
1697,58,127.0438522,37.62822573
1698,58,127.0522496,37.55074215
1699,58,126.929239,37.49973594
1700,58,126.9060274,37.57353209
1701,58,127.1317174,37.50594889
1702,58,126.8376614,37.49294851
1703,58,126.9649835,37.5638992
1704,58,127.1463365,37.52492212
1705,58,127.1058513,37.47612045
1706,58,127.0169049,37.58936078
1707,58,126.900322,37.57891129
1708,58,126.8995368,37.53564274
1709,58,126.8168487,37.54240409
1710,58,126.7994482,37.5873691
1711,58,126.8018228,37.57566579
1712,59,127.0559692,37.68685877
1713,59,126.9339614,37.47361931
1714,59,126.8475203,37.52995871
1715,59,126.8270683,37.53885739
1716,59,126.9531867,37.47370984
1717,59,126.8602541,37.49667843
1718,59,126.8316682,37.53077141
1719,59,126.8374145,37.52088897
1720,59,127.0792574,37.57968469
1721,59,127.0222801,37.63444973
1722,59,127.0840381,37.53463405
1723,59,126.8978669,37.46172322
1724,59,127.032418,37.64440506
1725,59,127.0785766,37.49946173
1726,59,127.0675304,37.64904569
1727,59,126.9825529,37.47925026
1728,59,126.9950363,37.47299474
1729,59,127.1034178,37.50856135
1730,59,127.0668206,37.57603432
1731,59,127.0770739,37.5652553
1732,59,127.128095,37.55190676
1733,59,127.0279354,37.63627517
1734,59,126.8164535,37.58566613
1735,59,127.0413863,37.66066431
1736,59,127.0609412,37.61296776
1737,59,127.0983262,37.61400227
1738,59,126.9213366,37.6439125
1739,59,127.0737078,37.55983509
1740,59,127.0710452,37.62922907
1741,59,127.0722508,37.61661466
1742,59,127.1095247,37.63927743
1743,59,126.8608626,37.55797338
1744,59,126.8177259,37.57035075
1745,59,126.8301412,37.57492854
1746,59,127.1017975,37.60049387
1747,59,126.8883658,37.51755842
1748,59,127.058973,37.56248502
1749,59,127.0356428,37.49028717
1750,59,127.0117006,37.51903408
1751,59,127.129303,37.53658752
1752,59,127.0599462,37.5895291
1753,59,127.0445947,37.69222338
1754,59,127.075778,37.59409379
1755,59,127.0438522,37.62822573
1756,59,127.0522496,37.55074215
1757,59,126.929239,37.49973594
1758,59,126.9060274,37.57353209
1759,59,127.1317174,37.50594889
1760,59,126.8376614,37.49294851
1761,59,126.9649835,37.5638992
1762,59,127.1463365,37.52492212
1763,59,127.1058513,37.47612045
1764,59,127.0169049,37.58936078
1765,59,126.900322,37.57891129
1766,59,126.8995368,37.53564274
1767,59,126.8168487,37.54240409
1768,59,126.7994482,37.5873691
1769,59,126.8018228,37.57566579
1770,59,126.8714757,37.50755489
1771,60,127.0559692,37.68685877
1772,60,126.9339614,37.47361931
1773,60,126.8475203,37.52995871
1774,60,126.8270683,37.53885739
1775,60,126.9531867,37.47370984
1776,60,126.8602541,37.49667843
1777,60,126.8316682,37.53077141
1778,60,126.8374145,37.52088897
1779,60,127.0792574,37.57968469
1780,60,127.0222801,37.63444973
1781,60,127.0840381,37.53463405
1782,60,126.8978669,37.46172322
1783,60,127.032418,37.64440506
1784,60,127.0785766,37.49946173
1785,60,127.0675304,37.64904569
1786,60,126.9825529,37.47925026
1787,60,126.9950363,37.47299474
1788,60,127.1034178,37.50856135
1789,60,127.0668206,37.57603432
1790,60,127.0770739,37.5652553
1791,60,127.128095,37.55190676
1792,60,127.0279354,37.63627517
1793,60,126.8164535,37.58566613
1794,60,127.0413863,37.66066431
1795,60,127.0609412,37.61296776
1796,60,127.0983262,37.61400227
1797,60,126.9213366,37.6439125
1798,60,127.0737078,37.55983509
1799,60,127.0710452,37.62922907
1800,60,127.0722508,37.61661466
1801,60,127.1095247,37.63927743
1802,60,126.8608626,37.55797338
1803,60,126.8177259,37.57035075
1804,60,126.8301412,37.57492854
1805,60,127.1017975,37.60049387
1806,60,126.8883658,37.51755842
1807,60,127.058973,37.56248502
1808,60,127.0356428,37.49028717
1809,60,127.0117006,37.51903408
1810,60,127.129303,37.53658752
1811,60,127.0599462,37.5895291
1812,60,127.0445947,37.69222338
1813,60,127.075778,37.59409379
1814,60,127.0438522,37.62822573
1815,60,127.0522496,37.55074215
1816,60,126.929239,37.49973594
1817,60,126.9060274,37.57353209
1818,60,127.1317174,37.50594889
1819,60,126.8376614,37.49294851
1820,60,126.9649835,37.5638992
1821,60,127.1463365,37.52492212
1822,60,127.1058513,37.47612045
1823,60,127.0169049,37.58936078
1824,60,126.900322,37.57891129
1825,60,126.8995368,37.53564274
1826,60,126.8168487,37.54240409
1827,60,126.7994482,37.5873691
1828,60,126.8018228,37.57566579
1829,60,126.8714757,37.50755489
1830,60,126.8645345,37.52554475
1831,61,127.0559692,37.68685877
1832,61,126.9339614,37.47361931
1833,61,126.8475203,37.52995871
1834,61,126.8270683,37.53885739
1835,61,126.9531867,37.47370984
1836,61,126.8602541,37.49667843
1837,61,126.8316682,37.53077141
1838,61,126.8374145,37.52088897
1839,61,127.0792574,37.57968469
1840,61,127.0222801,37.63444973
1841,61,127.0840381,37.53463405
1842,61,126.8978669,37.46172322
1843,61,127.032418,37.64440506
1844,61,127.0785766,37.49946173
1845,61,127.0675304,37.64904569
1846,61,126.9825529,37.47925026
1847,61,126.9950363,37.47299474
1848,61,127.1034178,37.50856135
1849,61,127.0668206,37.57603432
1850,61,127.0770739,37.5652553
1851,61,127.128095,37.55190676
1852,61,127.0279354,37.63627517
1853,61,126.8164535,37.58566613
1854,61,127.0413863,37.66066431
1855,61,127.0609412,37.61296776
1856,61,127.0983262,37.61400227
1857,61,126.9213366,37.6439125
1858,61,127.0737078,37.55983509
1859,61,127.0710452,37.62922907
1860,61,127.0722508,37.61661466
1861,61,127.1095247,37.63927743
1862,61,126.8608626,37.55797338
1863,61,126.8177259,37.57035075
1864,61,126.8301412,37.57492854
1865,61,127.1017975,37.60049387
1866,61,126.8883658,37.51755842
1867,61,127.058973,37.56248502
1868,61,127.0356428,37.49028717
1869,61,127.0117006,37.51903408
1870,61,127.129303,37.53658752
1871,61,127.0599462,37.5895291
1872,61,127.0445947,37.69222338
1873,61,127.075778,37.59409379
1874,61,127.0438522,37.62822573
1875,61,127.0522496,37.55074215
1876,61,126.929239,37.49973594
1877,61,126.9060274,37.57353209
1878,61,127.1317174,37.50594889
1879,61,126.8376614,37.49294851
1880,61,126.9649835,37.5638992
1881,61,127.1463365,37.52492212
1882,61,127.1058513,37.47612045
1883,61,127.0169049,37.58936078
1884,61,126.900322,37.57891129
1885,61,126.8995368,37.53564274
1886,61,126.8168487,37.54240409
1887,61,126.7994482,37.5873691
1888,61,126.8018228,37.57566579
1889,61,126.8386654,37.50737575
1890,61,126.8714757,37.50755489
1891,61,126.8645345,37.52554475
1892,62,127.0559692,37.68685877
1893,62,126.9339614,37.47361931
1894,62,126.8475203,37.52995871
1895,62,126.8270683,37.53885739
1896,62,126.9531867,37.47370984
1897,62,126.8602541,37.49667843
1898,62,126.8316682,37.53077141
1899,62,126.8374145,37.52088897
1900,62,127.0792574,37.57968469
1901,62,127.0222801,37.63444973
1902,62,127.0840381,37.53463405
1903,62,126.8978669,37.46172322
1904,62,127.032418,37.64440506
1905,62,127.0785766,37.49946173
1906,62,127.0675304,37.64904569
1907,62,126.9825529,37.47925026
1908,62,126.9950363,37.47299474
1909,62,127.1034178,37.50856135
1910,62,127.0668206,37.57603432
1911,62,127.0770739,37.5652553
1912,62,127.128095,37.55190676
1913,62,127.0279354,37.63627517
1914,62,126.8164535,37.58566613
1915,62,127.0413863,37.66066431
1916,62,127.0609412,37.61296776
1917,62,127.0983262,37.61400227
1918,62,126.9213366,37.6439125
1919,62,127.0737078,37.55983509
1920,62,127.0710452,37.62922907
1921,62,127.0722508,37.61661466
1922,62,127.1095247,37.63927743
1923,62,126.8608626,37.55797338
1924,62,126.8177259,37.57035075
1925,62,126.8301412,37.57492854
1926,62,127.1017975,37.60049387
1927,62,126.8883658,37.51755842
1928,62,127.058973,37.56248502
1929,62,127.0356428,37.49028717
1930,62,127.0117006,37.51903408
1931,62,127.129303,37.53658752
1932,62,127.0599462,37.5895291
1933,62,127.0445947,37.69222338
1934,62,127.075778,37.59409379
1935,62,127.0438522,37.62822573
1936,62,127.0522496,37.55074215
1937,62,126.929239,37.49973594
1938,62,126.9060274,37.57353209
1939,62,127.1317174,37.50594889
1940,62,126.8376614,37.49294851
1941,62,126.9649835,37.5638992
1942,62,127.1463365,37.52492212
1943,62,127.1058513,37.47612045
1944,62,127.0169049,37.58936078
1945,62,126.900322,37.57891129
1946,62,126.8995368,37.53564274
1947,62,126.8168487,37.54240409
1948,62,126.7994482,37.5873691
1949,62,126.8018228,37.57566579
1950,62,126.8386654,37.50737575
1951,62,126.8714757,37.50755489
1952,62,126.8645345,37.52554475
1953,62,126.7680448,37.55563175
1954,63,127.0559692,37.68685877
1955,63,126.9339614,37.47361931
1956,63,126.8475203,37.52995871
1957,63,126.8270683,37.53885739
1958,63,126.9531867,37.47370984
1959,63,126.8602541,37.49667843
1960,63,126.8316682,37.53077141
1961,63,126.8374145,37.52088897
1962,63,127.0792574,37.57968469
1963,63,127.0222801,37.63444973
1964,63,127.0840381,37.53463405
1965,63,126.8978669,37.46172322
1966,63,127.032418,37.64440506
1967,63,127.0785766,37.49946173
1968,63,127.0675304,37.64904569
1969,63,126.9825529,37.47925026
1970,63,126.9950363,37.47299474
1971,63,127.1034178,37.50856135
1972,63,127.0668206,37.57603432
1973,63,127.0770739,37.5652553
1974,63,127.128095,37.55190676
1975,63,127.0279354,37.63627517
1976,63,126.8164535,37.58566613
1977,63,127.0413863,37.66066431
1978,63,127.0609412,37.61296776
1979,63,127.0983262,37.61400227
1980,63,126.9213366,37.6439125
1981,63,127.0737078,37.55983509
1982,63,127.0710452,37.62922907
1983,63,127.0722508,37.61661466
1984,63,127.1095247,37.63927743
1985,63,126.8586369,37.55345459
1986,63,126.8177259,37.57035075
1987,63,126.8301412,37.57492854
1988,63,127.1017975,37.60049387
1989,63,126.8883658,37.51755842
1990,63,127.058973,37.56248502
1991,63,127.0356428,37.49028717
1992,63,127.0117006,37.51903408
1993,63,126.8608549,37.55887468
1994,63,127.129303,37.53658752
1995,63,127.0599462,37.5895291
1996,63,127.0445947,37.69222338
1997,63,127.075778,37.59409379
1998,63,127.0438522,37.62822573
1999,63,127.0522496,37.55074215
2000,63,126.929239,37.49973594
2001,63,126.9060274,37.57353209
2002,63,127.1317174,37.50594889
2003,63,126.8376614,37.49294851
2004,63,126.9649835,37.5638992
2005,63,127.1463365,37.52492212
2006,63,127.1058513,37.47612045
2007,63,127.0169049,37.58936078
2008,63,126.900322,37.57891129
2009,63,126.8995368,37.53564274
2010,63,126.8168487,37.54240409
2011,63,126.7994482,37.5873691
2012,63,126.8018228,37.57566579
2013,63,126.8386654,37.50737575
2014,63,126.8714757,37.50755489
2015,63,126.8645345,37.52554475
2016,63,126.7680448,37.55563175
2017,64,127.0559692,37.68685877
2018,64,126.9339614,37.47361931
2019,64,126.8475203,37.52995871
2020,64,126.8270683,37.53885739
2021,64,126.9531867,37.47370984
2022,64,126.8602541,37.49667843
2023,64,126.8316682,37.53077141
2024,64,126.8374145,37.52088897
2025,64,127.0792574,37.57968469
2026,64,127.0222801,37.63444973
2027,64,127.0840381,37.53463405
2028,64,126.8978669,37.46172322
2029,64,127.032418,37.64440506
2030,64,127.0785766,37.49946173
2031,64,127.0675304,37.64904569
2032,64,126.9825529,37.47925026
2033,64,126.9950363,37.47299474
2034,64,127.1034178,37.50856135
2035,64,127.0668206,37.57603432
2036,64,127.0770739,37.5652553
2037,64,127.128095,37.55190676
2038,64,127.0279354,37.63627517
2039,64,126.8164535,37.58566613
2040,64,127.0413863,37.66066431
2041,64,127.0609412,37.61296776
2042,64,127.0983262,37.61400227
2043,64,126.9213366,37.6439125
2044,64,127.0737078,37.55983509
2045,64,127.0710452,37.62922907
2046,64,127.0722508,37.61661466
2047,64,127.1095247,37.63927743
2048,64,126.8586369,37.55345459
2049,64,126.8177259,37.57035075
2050,64,126.8301412,37.57492854
2051,64,127.1017975,37.60049387
2052,64,126.8883658,37.51755842
2053,64,127.058973,37.56248502
2054,64,127.0356428,37.49028717
2055,64,127.0117006,37.51903408
2056,64,126.8608549,37.55887468
2057,64,127.129303,37.53658752
2058,64,127.0599462,37.5895291
2059,64,127.0445947,37.69222338
2060,64,127.075778,37.59409379
2061,64,127.0438522,37.62822573
2062,64,127.0522496,37.55074215
2063,64,126.929239,37.49973594
2064,64,126.9060274,37.57353209
2065,64,127.1317174,37.50594889
2066,64,126.8376614,37.49294851
2067,64,126.9649835,37.5638992
2068,64,127.1463365,37.52492212
2069,64,127.1058513,37.47612045
2070,64,127.0169049,37.58936078
2071,64,126.900322,37.57891129
2072,64,126.8995368,37.53564274
2073,64,126.8168487,37.54240409
2074,64,126.7994482,37.5873691
2075,64,126.8018228,37.57566579
2076,64,126.8386654,37.50737575
2077,64,126.8714757,37.50755489
2078,64,126.8645345,37.52554475
2079,64,126.7680448,37.55563175
2080,64,126.7691857,37.55473748
2081,65,127.0559692,37.68685877
2082,65,126.9339614,37.47361931
2083,65,126.8475203,37.52995871
2084,65,126.8270683,37.53885739
2085,65,126.9531867,37.47370984
2086,65,126.8602541,37.49667843
2087,65,126.8316682,37.53077141
2088,65,126.8374145,37.52088897
2089,65,127.0792574,37.57968469
2090,65,127.0222801,37.63444973
2091,65,127.0840381,37.53463405
2092,65,126.8978669,37.46172322
2093,65,127.032418,37.64440506
2094,65,127.0785766,37.49946173
2095,65,127.0675304,37.64904569
2096,65,126.9825529,37.47925026
2097,65,126.9950363,37.47299474
2098,65,127.1034178,37.50856135
2099,65,127.0668206,37.57603432
2100,65,127.0770739,37.5652553
2101,65,127.128095,37.55190676
2102,65,127.0279354,37.63627517
2103,65,126.8164535,37.58566613
2104,65,127.0413863,37.66066431
2105,65,127.0609412,37.61296776
2106,65,127.0983262,37.61400227
2107,65,126.9213366,37.6439125
2108,65,127.0737078,37.55983509
2109,65,127.0710452,37.62922907
2110,65,127.0722508,37.61661466
2111,65,127.1095247,37.63927743
2112,65,126.8586369,37.55345459
2113,65,126.8177259,37.57035075
2114,65,126.8301412,37.57492854
2115,65,127.1017975,37.60049387
2116,65,126.8883658,37.51755842
2117,65,127.0589677,37.56338635
2118,65,127.058973,37.56248502
2119,65,127.058973,37.56248502
2120,65,127.0356428,37.49028717
2121,65,127.0117006,37.51903408
2122,65,126.8608549,37.55887468
2123,65,127.129303,37.53658752
2124,65,127.0599462,37.5895291
2125,65,127.0445947,37.69222338
2126,65,127.075778,37.59409379
2127,65,127.0438522,37.62822573
2128,65,127.0522496,37.55074215
2129,65,126.929239,37.49973594
2130,65,126.9060274,37.57353209
2131,65,127.1317174,37.50594889
2132,65,126.8376614,37.49294851
2133,65,126.9649835,37.5638992
2134,65,127.1463365,37.52492212
2135,65,127.1058513,37.47612045
2136,65,127.0169049,37.58936078
2137,65,126.900322,37.57891129
2138,65,126.8995368,37.53564274
2139,65,126.8168487,37.54240409
2140,65,126.7994482,37.5873691
2141,65,126.8018228,37.57566579
2142,65,126.8386654,37.50737575
2143,65,126.8714757,37.50755489
2144,65,126.8645345,37.52554475
2145,65,126.7680448,37.55563175
2146,66,127.0559692,37.68685877
2147,66,126.9339614,37.47361931
2148,66,126.8475203,37.52995871
2149,66,126.8270683,37.53885739
2150,66,126.9531867,37.47370984
2151,66,126.8602541,37.49667843
2152,66,126.8316682,37.53077141
2153,66,126.8374145,37.52088897
2154,66,127.0792574,37.57968469
2155,66,127.0222801,37.63444973
2156,66,127.0840381,37.53463405
2157,66,126.8978669,37.46172322
2158,66,127.032418,37.64440506
2159,66,127.0785766,37.49946173
2160,66,127.0675304,37.64904569
2161,66,126.9825529,37.47925026
2162,66,126.9950363,37.47299474
2163,66,127.1034178,37.50856135
2164,66,127.0668206,37.57603432
2165,66,127.0770739,37.5652553
2166,66,127.128095,37.55190676
2167,66,127.0279354,37.63627517
2168,66,126.8164535,37.58566613
2169,66,126.8164618,37.58476484
2170,66,127.0413863,37.66066431
2171,66,127.0609412,37.61296776
2172,66,127.0983262,37.61400227
2173,66,126.9213366,37.6439125
2174,66,127.0737078,37.55983509
2175,66,127.0710452,37.62922907
2176,66,127.0722508,37.61661466
2177,66,127.1095247,37.63927743
2178,66,126.8586369,37.55345459
2179,66,126.8177259,37.57035075
2180,66,126.8301412,37.57492854
2181,66,127.1017975,37.60049387
2182,66,126.8883658,37.51755842
2183,66,127.058973,37.56248502
2184,66,127.0356428,37.49028717
2185,66,127.0117006,37.51903408
2186,66,126.8608549,37.55887468
2187,66,127.129303,37.53658752
2188,66,127.0599462,37.5895291
2189,66,127.0445947,37.69222338
2190,66,127.075778,37.59409379
2191,66,127.0438522,37.62822573
2192,66,127.0522496,37.55074215
2193,66,126.929239,37.49973594
2194,66,126.9060274,37.57353209
2195,66,127.1317174,37.50594889
2196,66,126.8376614,37.49294851
2197,66,126.9649835,37.5638992
2198,66,127.1463365,37.52492212
2199,66,127.1058513,37.47612045
2200,66,127.0169049,37.58936078
2201,66,126.900322,37.57891129
2202,66,126.8995368,37.53564274
2203,66,126.8168487,37.54240409
2204,66,126.7994482,37.5873691
2205,66,126.8018228,37.57566579
2206,66,126.8386654,37.50737575
2207,66,126.8714757,37.50755489
2208,66,126.8645345,37.52554475
2209,66,126.7680448,37.55563175
2210,66,126.7691857,37.55473748
2211,66,126.8771851,37.50127567
2212,67,127.0559692,37.68685877
2213,67,126.9339614,37.47361931
2214,67,126.8475203,37.52995871
2215,67,126.8270683,37.53885739
2216,67,126.9531867,37.47370984
2217,67,126.8602541,37.49667843
2218,67,126.8316682,37.53077141
2219,67,126.8374145,37.52088897
2220,67,127.0792574,37.57968469
2221,67,127.0222801,37.63444973
2222,67,127.0840381,37.53463405
2223,67,126.8978669,37.46172322
2224,67,127.032418,37.64440506
2225,67,127.0785766,37.49946173
2226,67,127.0675304,37.64904569
2227,67,126.9825529,37.47925026
2228,67,126.9950363,37.47299474
2229,67,127.1034178,37.50856135
2230,67,127.0668206,37.57603432
2231,67,127.0770739,37.5652553
2232,67,127.128095,37.55190676
2233,67,127.0279354,37.63627517
2234,67,126.8164535,37.58566613
2235,67,126.8164618,37.58476484
2236,67,127.0413863,37.66066431
2237,67,127.0609412,37.61296776
2238,67,127.0983262,37.61400227
2239,67,126.9213366,37.6439125
2240,67,127.0737078,37.55983509
2241,67,127.0710452,37.62922907
2242,67,127.0722508,37.61661466
2243,67,127.1095247,37.63927743
2244,67,126.8586369,37.55345459
2245,67,126.8177259,37.57035075
2246,67,126.8301412,37.57492854
2247,67,127.1017975,37.60049387
2248,67,126.8883658,37.51755842
2249,67,127.058973,37.56248502
2250,67,127.0356428,37.49028717
2251,67,127.0117006,37.51903408
2252,67,126.8608549,37.55887468
2253,67,127.129303,37.53658752
2254,67,127.0599462,37.5895291
2255,67,127.0445947,37.69222338
2256,67,127.075778,37.59409379
2257,67,127.0438522,37.62822573
2258,67,127.0522496,37.55074215
2259,67,126.929239,37.49973594
2260,67,126.9060274,37.57353209
2261,67,126.9060274,37.57353209
2262,67,127.1034226,37.50766
2263,67,127.1317174,37.50594889
2264,67,126.8376614,37.49294851
2265,67,126.9649835,37.5638992
2266,67,127.1463365,37.52492212
2267,67,127.1058513,37.47612045
2268,67,127.0169049,37.58936078
2269,67,126.900322,37.57891129
2270,67,126.8995368,37.53564274
2271,67,126.8168487,37.54240409
2272,67,126.7994482,37.5873691
2273,67,126.8018228,37.57566579
2274,67,126.8386654,37.50737575
2275,67,126.8714757,37.50755489
2276,67,126.8645345,37.52554475
2277,67,126.7680448,37.55563175
2278,67,126.7691857,37.55473748
2279,68,127.0559692,37.68685877
2280,68,126.9339614,37.47361931
2281,68,126.8475203,37.52995871
2282,68,126.8270683,37.53885739
2283,68,126.9531867,37.47370984
2284,68,126.8602541,37.49667843
2285,68,126.8316682,37.53077141
2286,68,126.8374145,37.52088897
2287,68,127.0792574,37.57968469
2288,68,127.0222801,37.63444973
2289,68,127.0840381,37.53463405
2290,68,126.8978669,37.46172322
2291,68,127.032418,37.64440506
2292,68,127.0785766,37.49946173
2293,68,127.0675304,37.64904569
2294,68,126.9825529,37.47925026
2295,68,126.9950363,37.47299474
2296,68,127.1034178,37.50856135
2297,68,127.0668206,37.57603432
2298,68,127.0770739,37.5652553
2299,68,127.128095,37.55190676
2300,68,127.0279354,37.63627517
2301,68,126.8164535,37.58566613
2302,68,126.8164618,37.58476484
2303,68,127.0413863,37.66066431
2304,68,127.0609412,37.61296776
2305,68,127.0983262,37.61400227
2306,68,126.9213366,37.6439125
2307,68,127.0737078,37.55983509
2308,68,127.0710452,37.62922907
2309,68,127.0722508,37.61661466
2310,68,127.1095247,37.63927743
2311,68,126.8586369,37.55345459
2312,68,126.8177259,37.57035075
2313,68,126.8301412,37.57492854
2314,68,127.1017975,37.60049387
2315,68,126.8883658,37.51755842
2316,68,127.0589677,37.56338635
2317,68,127.058973,37.56248502
2318,68,127.058973,37.56248502
2319,68,127.0356428,37.49028717
2320,68,127.0117006,37.51903408
2321,68,126.8608549,37.55887468
2322,68,127.129303,37.53658752
2323,68,127.0599462,37.5895291
2324,68,127.0445947,37.69222338
2325,68,127.075778,37.59409379
2326,68,127.0438522,37.62822573
2327,68,127.0522496,37.55074215
2328,68,126.929239,37.49973594
2329,68,126.9060274,37.57353209
2330,68,126.9060274,37.57353209
2331,68,127.1034226,37.50766
2332,68,127.1317174,37.50594889
2333,68,126.8376614,37.49294851
2334,68,126.9649835,37.5638992
2335,68,127.1463365,37.52492212
2336,68,127.1058513,37.47612045
2337,68,127.0169049,37.58936078
2338,68,126.900322,37.57891129
2339,68,126.8995368,37.53564274
2340,68,126.8168487,37.54240409
2341,68,126.7994482,37.5873691
2342,68,126.8018228,37.57566579
2343,68,126.8386654,37.50737575
2344,68,126.8714757,37.50755489
2345,68,126.8645345,37.52554475
2346,68,126.7680448,37.55563175
2347,69,127.0559692,37.68685877
2348,69,126.9339614,37.47361931
2349,69,126.8475203,37.52995871
2350,69,126.8270683,37.53885739
2351,69,126.9531867,37.47370984
2352,69,126.8602541,37.49667843
2353,69,126.8316682,37.53077141
2354,69,126.8374145,37.52088897
2355,69,127.0792574,37.57968469
2356,69,127.0222801,37.63444973
2357,69,127.0840381,37.53463405
2358,69,126.8978669,37.46172322
2359,69,127.032418,37.64440506
2360,69,127.0785766,37.49946173
2361,69,127.0751929,37.49764689
2362,69,127.0675304,37.64904569
2363,69,126.9825529,37.47925026
2364,69,126.9950363,37.47299474
2365,69,127.1034178,37.50856135
2366,69,127.0668206,37.57603432
2367,69,127.0770739,37.5652553
2368,69,127.128095,37.55190676
2369,69,127.0279354,37.63627517
2370,69,126.8164535,37.58566613
2371,69,126.8164618,37.58476484
2372,69,127.0413863,37.66066431
2373,69,127.0609412,37.61296776
2374,69,127.0983262,37.61400227
2375,69,126.9213366,37.6439125
2376,69,127.0737078,37.55983509
2377,69,127.0710452,37.62922907
2378,69,127.0722508,37.61661466
2379,69,127.1095247,37.63927743
2380,69,126.8586369,37.55345459
2381,69,126.8177259,37.57035075
2382,69,126.8301412,37.57492854
2383,69,127.1017975,37.60049387
2384,69,126.8883658,37.51755842
2385,69,127.0589677,37.56338635
2386,69,127.058973,37.56248502
2387,69,127.058973,37.56248502
2388,69,127.0356428,37.49028717
2389,69,127.0117006,37.51903408
2390,69,126.8608549,37.55887468
2391,69,127.129303,37.53658752
2392,69,127.0599462,37.5895291
2393,69,127.0445947,37.69222338
2394,69,127.075778,37.59409379
2395,69,127.0438522,37.62822573
2396,69,127.0522496,37.55074215
2397,69,126.929239,37.49973594
2398,69,126.9060274,37.57353209
2399,69,126.9060274,37.57353209
2400,69,127.1034226,37.50766
2401,69,127.1317174,37.50594889
2402,69,126.8376614,37.49294851
2403,69,126.9649835,37.5638992
2404,69,127.1463365,37.52492212
2405,69,127.1058513,37.47612045
2406,69,127.0169049,37.58936078
2407,69,126.900322,37.57891129
2408,69,126.8995368,37.53564274
2409,69,126.8168487,37.54240409
2410,69,126.7994482,37.5873691
2411,69,126.8018228,37.57566579
2412,69,126.8386654,37.50737575
2413,69,126.8714757,37.50755489
2414,69,126.8645345,37.52554475
2415,69,126.7680448,37.55563175
2416,70,127.0559692,37.68685877
2417,70,126.9339614,37.47361931
2418,70,126.8475203,37.52995871
2419,70,126.8270683,37.53885739
2420,70,126.9531867,37.47370984
2421,70,126.8602541,37.49667843
2422,70,126.8316682,37.53077141
2423,70,126.8374145,37.52088897
2424,70,127.0792574,37.57968469
2425,70,127.0222801,37.63444973
2426,70,127.0840381,37.53463405
2427,70,126.8978669,37.46172322
2428,70,127.032418,37.64440506
2429,70,127.0785766,37.49946173
2430,70,127.0751929,37.49764689
2431,70,127.0675304,37.64904569
2432,70,126.9825529,37.47925026
2433,70,126.9950363,37.47299474
2434,70,127.1034178,37.50856135
2435,70,127.0668206,37.57603432
2436,70,127.0770739,37.5652553
2437,70,127.128095,37.55190676
2438,70,127.0279354,37.63627517
2439,70,126.8164535,37.58566613
2440,70,126.8164618,37.58476484
2441,70,127.0413863,37.66066431
2442,70,127.0609412,37.61296776
2443,70,127.0983262,37.61400227
2444,70,126.9213366,37.6439125
2445,70,127.0737078,37.55983509
2446,70,127.0737078,37.55983509
2447,70,127.0710452,37.62922907
2448,70,127.0722508,37.61661466
2449,70,127.0722508,37.61661466
2450,70,127.1095247,37.63927743
2451,70,126.8586369,37.55345459
2452,70,126.8608626,37.55797338
2453,70,126.8177259,37.57035075
2454,70,126.8301412,37.57492854
2455,70,127.1017975,37.60049387
2456,70,126.8883658,37.51755842
2457,70,127.058973,37.56248502
2458,70,127.0356428,37.49028717
2459,70,127.0117006,37.51903408
2460,70,127.129303,37.53658752
2461,70,127.0599462,37.5895291
2462,70,127.0445947,37.69222338
2463,70,127.075778,37.59409379
2464,70,127.0438522,37.62822573
2465,70,127.0522496,37.55074215
2466,70,126.929239,37.49973594
2467,70,126.9060274,37.57353209
2468,70,126.9060274,37.57353209
2469,70,127.1034226,37.50766
2470,70,127.1317174,37.50594889
2471,70,126.8376614,37.49294851
2472,70,126.9649835,37.5638992
2473,70,127.1463365,37.52492212
2474,70,127.1058513,37.47612045
2475,70,127.0169049,37.58936078
2476,70,126.900322,37.57891129
2477,70,126.8995368,37.53564274
2478,70,126.8168487,37.54240409
2479,70,126.7994482,37.5873691
2480,70,126.8018228,37.57566579
2481,70,126.8386654,37.50737575
2482,70,126.8714757,37.50755489
2483,70,126.8645345,37.52554475
2484,70,126.7680448,37.55563175
2485,70,126.7691857,37.55473748
2486,71,127.0559692,37.68685877
2487,71,126.9339614,37.47361931
2488,71,126.8475203,37.52995871
2489,71,126.8270683,37.53885739
2490,71,126.9531867,37.47370984
2491,71,126.8602541,37.49667843
2492,71,126.8316682,37.53077141
2493,71,126.8374145,37.52088897
2494,71,127.0792574,37.57968469
2495,71,127.0222801,37.63444973
2496,71,127.0840381,37.53463405
2497,71,126.8978669,37.46172322
2498,71,127.032418,37.64440506
2499,71,127.0785766,37.49946173
2500,71,127.0751929,37.49764689
2501,71,127.0675304,37.64904569
2502,71,126.9825529,37.47925026
2503,71,126.9950363,37.47299474
2504,71,127.1034178,37.50856135
2505,71,127.0668206,37.57603432
2506,71,127.0770739,37.5652553
2507,71,127.128095,37.55190676
2508,71,127.0279354,37.63627517
2509,71,126.8164535,37.58566613
2510,71,126.8164618,37.58476484
2511,71,127.0413863,37.66066431
2512,71,127.0609412,37.61296776
2513,71,127.0983262,37.61400227
2514,71,126.9213366,37.6439125
2515,71,127.0737078,37.55983509
2516,71,127.0737078,37.55983509
2517,71,127.0710452,37.62922907
2518,71,127.0722508,37.61661466
2519,71,127.0722508,37.61661466
2520,71,127.1095247,37.63927743
2521,71,126.8586369,37.55345459
2522,71,126.8608626,37.55797338
2523,71,126.8177259,37.57035075
2524,71,126.8301412,37.57492854
2525,71,127.1017975,37.60049387
2526,71,126.8883658,37.51755842
2527,71,127.058973,37.56248502
2528,71,127.0356428,37.49028717
2529,71,127.0117006,37.51903408
2530,71,126.8608549,37.55887468
2531,71,127.129303,37.53658752
2532,71,127.0599462,37.5895291
2533,71,127.0445947,37.69222338
2534,71,127.075778,37.59409379
2535,71,127.0438522,37.62822573
2536,71,127.0522496,37.55074215
2537,71,126.929239,37.49973594
2538,71,126.9060274,37.57353209
2539,71,126.9060274,37.57353209
2540,71,127.1034226,37.50766
2541,71,127.1317174,37.50594889
2542,71,126.8376614,37.49294851
2543,71,126.9649835,37.5638992
2544,71,127.1463365,37.52492212
2545,71,127.1058513,37.47612045
2546,71,127.0169049,37.58936078
2547,71,126.900322,37.57891129
2548,71,126.8995368,37.53564274
2549,71,126.8168487,37.54240409
2550,71,126.7994482,37.5873691
2551,71,126.8018228,37.57566579
2552,71,126.8386654,37.50737575
2553,71,126.8714757,37.50755489
2554,71,126.8645345,37.52554475
2555,71,126.7680448,37.55563175
2556,71,126.7691857,37.55473748
2557,72,127.0559692,37.68685877
2558,72,126.9339614,37.47361931
2559,72,126.8475203,37.52995871
2560,72,126.8270683,37.53885739
2561,72,126.9531867,37.47370984
2562,72,126.8602541,37.49667843
2563,72,126.8316682,37.53077141
2564,72,126.8374145,37.52088897
2565,72,127.0792574,37.57968469
2566,72,127.0222801,37.63444973
2567,72,127.0840381,37.53463405
2568,72,126.8978669,37.46172322
2569,72,127.032418,37.64440506
2570,72,127.0785766,37.49946173
2571,72,127.0751929,37.49764689
2572,72,127.0675304,37.64904569
2573,72,126.9825529,37.47925026
2574,72,126.9950363,37.47299474
2575,72,127.1034178,37.50856135
2576,72,127.0668206,37.57603432
2577,72,127.0770739,37.5652553
2578,72,127.128095,37.55190676
2579,72,127.0279354,37.63627517
2580,72,126.8164535,37.58566613
2581,72,126.8164618,37.58476484
2582,72,127.0413863,37.66066431
2583,72,127.0609412,37.61296776
2584,72,127.0983262,37.61400227
2585,72,126.9213366,37.6439125
2586,72,127.0737078,37.55983509
2587,72,127.0737078,37.55983509
2588,72,127.0710452,37.62922907
2589,72,127.0722508,37.61661466
2590,72,127.0722508,37.61661466
2591,72,127.1095247,37.63927743
2592,72,126.8586369,37.55345459
2593,72,126.8608626,37.55797338
2594,72,126.8177259,37.57035075
2595,72,126.8301412,37.57492854
2596,72,127.1017975,37.60049387
2597,72,126.8883658,37.51755842
2598,72,127.058973,37.56248502
2599,72,127.0356428,37.49028717
2600,72,127.0117006,37.51903408
2601,72,126.8608549,37.55887468
2602,72,127.129303,37.53658752
2603,72,127.0599462,37.5895291
2604,72,127.0445947,37.69222338
2605,72,127.075778,37.59409379
2606,72,127.0438522,37.62822573
2607,72,127.0522496,37.55074215
2608,72,126.929239,37.49973594
2609,72,126.9060274,37.57353209
2610,72,126.9060274,37.57353209
2611,72,127.1034226,37.50766
2612,72,127.1317174,37.50594889
2613,72,126.8376614,37.49294851
2614,72,126.9649835,37.5638992
2615,72,127.1463365,37.52492212
2616,72,127.1058513,37.47612045
2617,72,127.0169049,37.58936078
2618,72,126.900322,37.57891129
2619,72,126.8995368,37.53564274
2620,72,126.8168487,37.54240409
2621,72,126.7994482,37.5873691
2622,72,126.8018228,37.57566579
2623,72,126.8386654,37.50737575
2624,72,126.8714757,37.50755489
2625,72,126.8645345,37.52554475
2626,72,126.7680448,37.55563175
2627,72,126.7691857,37.55473748
2628,72,126.8771851,37.50127567
2629,73,127.0559692,37.68685877
2630,73,126.9339614,37.47361931
2631,73,126.8475203,37.52995871
2632,73,126.8270683,37.53885739
2633,73,126.9531867,37.47370984
2634,73,126.8602541,37.49667843
2635,73,126.8316682,37.53077141
2636,73,126.8374145,37.52088897
2637,73,127.0792574,37.57968469
2638,73,127.0222801,37.63444973
2639,73,127.0840381,37.53463405
2640,73,126.8978669,37.46172322
2641,73,127.032418,37.64440506
2642,73,127.0785766,37.49946173
2643,73,127.0751929,37.49764689
2644,73,127.0675304,37.64904569
2645,73,126.9825529,37.47925026
2646,73,126.9950363,37.47299474
2647,73,127.1034178,37.50856135
2648,73,127.0668206,37.57603432
2649,73,127.0770739,37.5652553
2650,73,127.128095,37.55190676
2651,73,127.0279354,37.63627517
2652,73,126.8164535,37.58566613
2653,73,126.8164618,37.58476484
2654,73,127.0413863,37.66066431
2655,73,127.0609412,37.61296776
2656,73,127.0983262,37.61400227
2657,73,126.9213366,37.6439125
2658,73,127.0737078,37.55983509
2659,73,127.0737078,37.55983509
2660,73,127.0710452,37.62922907
2661,73,127.0722508,37.61661466
2662,73,127.0722508,37.61661466
2663,73,127.1095247,37.63927743
2664,73,126.8586369,37.55345459
2665,73,126.8608626,37.55797338
2666,73,126.8177259,37.57035075
2667,73,126.8301412,37.57492854
2668,73,127.1017975,37.60049387
2669,73,126.8883658,37.51755842
2670,73,127.0589677,37.56338635
2671,73,127.058973,37.56248502
2672,73,127.058973,37.56248502
2673,73,127.0356428,37.49028717
2674,73,127.0117006,37.51903408
2675,73,126.8608549,37.55887468
2676,73,127.129303,37.53658752
2677,73,127.0599462,37.5895291
2678,73,127.0445947,37.69222338
2679,73,127.075778,37.59409379
2680,73,127.0438522,37.62822573
2681,73,127.0522496,37.55074215
2682,73,126.929239,37.49973594
2683,73,126.9060274,37.57353209
2684,73,126.9060274,37.57353209
2685,73,127.1034226,37.50766
2686,73,127.1317174,37.50594889
2687,73,126.8376614,37.49294851
2688,73,126.9649835,37.5638992
2689,73,127.1463365,37.52492212
2690,73,127.1058513,37.47612045
2691,73,127.0169049,37.58936078
2692,73,126.900322,37.57891129
2693,73,126.8995368,37.53564274
2694,73,126.8168487,37.54240409
2695,73,126.7994482,37.5873691
2696,73,126.8018228,37.57566579
2697,73,126.8386654,37.50737575
2698,73,126.8714757,37.50755489
2699,73,126.8645345,37.52554475
2700,73,126.7680448,37.55563175
2701,73,126.7691857,37.55473748
2702,74,127.0559692,37.68685877
2703,74,126.9339614,37.47361931
2704,74,126.8475203,37.52995871
2705,74,126.8270683,37.53885739
2706,74,126.9531867,37.47370984
2707,74,126.8602541,37.49667843
2708,74,126.8316682,37.53077141
2709,74,126.8374145,37.52088897
2710,74,127.0792574,37.57968469
2711,74,127.0222801,37.63444973
2712,74,127.0840381,37.53463405
2713,74,126.8978669,37.46172322
2714,74,127.032418,37.64440506
2715,74,127.0785766,37.49946173
2716,74,127.0751929,37.49764689
2717,74,127.0675304,37.64904569
2718,74,126.9825529,37.47925026
2719,74,126.9950363,37.47299474
2720,74,127.1034178,37.50856135
2721,74,127.0668206,37.57603432
2722,74,127.0770739,37.5652553
2723,74,127.128095,37.55190676
2724,74,127.0279354,37.63627517
2725,74,126.8164535,37.58566613
2726,74,126.8164618,37.58476484
2727,74,127.0413863,37.66066431
2728,74,127.0609412,37.61296776
2729,74,127.0983262,37.61400227
2730,74,126.9213366,37.6439125
2731,74,127.0737078,37.55983509
2732,74,127.0737078,37.55983509
2733,74,127.0710452,37.62922907
2734,74,127.0722508,37.61661466
2735,74,127.0722508,37.61661466
2736,74,127.1095247,37.63927743
2737,74,126.8586369,37.55345459
2738,74,126.8608626,37.55797338
2739,74,126.8177259,37.57035075
2740,74,126.8301412,37.57492854
2741,74,127.1017975,37.60049387
2742,74,126.8883658,37.51755842
2743,74,127.0589677,37.56338635
2744,74,127.058973,37.56248502
2745,74,127.058973,37.56248502
2746,74,127.0356428,37.49028717
2747,74,127.0117006,37.51903408
2748,74,126.8608549,37.55887468
2749,74,127.129303,37.53658752
2750,74,127.0599462,37.5895291
2751,74,127.0445947,37.69222338
2752,74,127.075778,37.59409379
2753,74,127.0438522,37.62822573
2754,74,127.0522496,37.55074215
2755,74,126.929239,37.49973594
2756,74,126.9060274,37.57353209
2757,74,126.9060274,37.57353209
2758,74,127.1034226,37.50766
2759,74,127.1317174,37.50594889
2760,74,126.8376614,37.49294851
2761,74,126.9649835,37.5638992
2762,74,127.1463365,37.52492212
2763,74,127.1058513,37.47612045
2764,74,127.0169049,37.58936078
2765,74,126.900322,37.57891129
2766,74,126.8995368,37.53564274
2767,74,126.8168487,37.54240409
2768,74,126.7994482,37.5873691
2769,74,126.8018228,37.57566579
2770,74,126.8386654,37.50737575
2771,74,126.8714757,37.50755489
2772,74,126.8645345,37.52554475
2773,74,126.7680448,37.55563175
2774,74,126.7691857,37.55473748
2775,74,126.8771851,37.50127567
2776,75,127.0559692,37.68685877
2777,75,126.9339614,37.47361931
2778,75,126.8475203,37.52995871
2779,75,126.8270683,37.53885739
2780,75,126.9531867,37.47370984
2781,75,126.8602541,37.49667843
2782,75,126.8316682,37.53077141
2783,75,126.8374145,37.52088897
2784,75,127.0792574,37.57968469
2785,75,127.0222801,37.63444973
2786,75,127.0840381,37.53463405
2787,75,126.8978669,37.46172322
2788,75,127.032418,37.64440506
2789,75,127.0785766,37.49946173
2790,75,127.0751929,37.49764689
2791,75,127.0675304,37.64904569
2792,75,126.9825529,37.47925026
2793,75,126.9950363,37.47299474
2794,75,127.1034178,37.50856135
2795,75,127.0668206,37.57603432
2796,75,127.0770739,37.5652553
2797,75,127.128095,37.55190676
2798,75,127.0279354,37.63627517
2799,75,126.8164535,37.58566613
2800,75,126.8164618,37.58476484
2801,75,127.0413863,37.66066431
2802,75,127.0609412,37.61296776
2803,75,127.0983262,37.61400227
2804,75,126.9213366,37.6439125
2805,75,127.0737078,37.55983509
2806,75,127.0737078,37.55983509
2807,75,127.0710452,37.62922907
2808,75,127.0722508,37.61661466
2809,75,127.0722508,37.61661466
2810,75,127.1095247,37.63927743
2811,75,126.8586369,37.55345459
2812,75,126.8608626,37.55797338
2813,75,126.8177259,37.57035075
2814,75,126.8301412,37.57492854
2815,75,127.1017975,37.60049387
2816,75,126.8883658,37.51755842
2817,75,127.058973,37.56248502
2818,75,127.0356428,37.49028717
2819,75,127.0117006,37.51903408
2820,75,126.8608549,37.55887468
2821,75,127.129303,37.53658752
2822,75,127.0599462,37.5895291
2823,75,127.0445947,37.69222338
2824,75,127.075778,37.59409379
2825,75,127.0438522,37.62822573
2826,75,127.0522496,37.55074215
2827,75,126.929239,37.49973594
2828,75,126.9060274,37.57353209
2829,75,126.9060274,37.57353209
2830,75,127.1034226,37.50766
2831,75,127.1317174,37.50594889
2832,75,126.8376614,37.49294851
2833,75,126.9649835,37.5638992
2834,75,127.1463365,37.52492212
2835,75,127.1058513,37.47612045
2836,75,127.0169049,37.58936078
2837,75,126.900322,37.57891129
2838,75,126.8995368,37.53564274
2839,75,126.8168487,37.54240409
2840,75,126.7994482,37.5873691
2841,75,126.8018228,37.57566579
2842,75,126.8386654,37.50737575
2843,75,126.8714757,37.50755489
2844,75,126.8645345,37.52554475
2845,75,126.7680448,37.55563175
2846,75,126.7691857,37.55473748
2847,75,126.8771776,37.50217699
2848,75,126.9022103,37.48427922
2849,75,126.9022103,37.48427922
2850,75,126.8771851,37.50127567
2851,76,127.0559692,37.68685877
2852,76,126.9339614,37.47361931
2853,76,126.8475203,37.52995871
2854,76,126.8270683,37.53885739
2855,76,126.9531867,37.47370984
2856,76,126.8602541,37.49667843
2857,76,126.8316682,37.53077141
2858,76,126.8374145,37.52088897
2859,76,127.0792574,37.57968469
2860,76,127.0222801,37.63444973
2861,76,127.0840381,37.53463405
2862,76,126.8978669,37.46172322
2863,76,127.032418,37.64440506
2864,76,127.0785766,37.49946173
2865,76,127.0751929,37.49764689
2866,76,127.0675304,37.64904569
2867,76,126.9825529,37.47925026
2868,76,126.9950363,37.47299474
2869,76,127.1034178,37.50856135
2870,76,127.0668206,37.57603432
2871,76,127.0770739,37.5652553
2872,76,127.128095,37.55190676
2873,76,127.0279354,37.63627517
2874,76,126.8164535,37.58566613
2875,76,126.8164618,37.58476484
2876,76,127.0413863,37.66066431
2877,76,127.0609412,37.61296776
2878,76,127.0983262,37.61400227
2879,76,126.9213366,37.6439125
2880,76,127.0737078,37.55983509
2881,76,127.0737078,37.55983509
2882,76,127.0710452,37.62922907
2883,76,127.0722508,37.61661466
2884,76,127.0722508,37.61661466
2885,76,127.1095247,37.63927743
2886,76,126.8586369,37.55345459
2887,76,126.8608626,37.55797338
2888,76,126.8177259,37.57035075
2889,76,126.8301412,37.57492854
2890,76,127.1017975,37.60049387
2891,76,126.8883658,37.51755842
2892,76,127.0589677,37.56338635
2893,76,127.058973,37.56248502
2894,76,127.058973,37.56248502
2895,76,127.0356428,37.49028717
2896,76,127.0117006,37.51903408
2897,76,126.8608549,37.55887468
2898,76,127.129303,37.53658752
2899,76,127.0599462,37.5895291
2900,76,127.0445947,37.69222338
2901,76,127.075778,37.59409379
2902,76,127.0438522,37.62822573
2903,76,127.0522496,37.55074215
2904,76,126.929239,37.49973594
2905,76,126.9060274,37.57353209
2906,76,126.9060274,37.57353209
2907,76,127.1034226,37.50766
2908,76,127.1317174,37.50594889
2909,76,126.8376614,37.49294851
2910,76,126.9649835,37.5638992
2911,76,127.1463365,37.52492212
2912,76,127.1058513,37.47612045
2913,76,127.0169049,37.58936078
2914,76,126.900322,37.57891129
2915,76,126.8995368,37.53564274
2916,76,126.8168487,37.54240409
2917,76,126.7994482,37.5873691
2918,76,126.8018228,37.57566579
2919,76,126.8386654,37.50737575
2920,76,126.8714757,37.50755489
2921,76,126.8645345,37.52554475
2922,76,126.7680448,37.55563175
2923,76,126.8771776,37.50217699
2924,76,126.9022103,37.48427922
2925,76,126.9022103,37.48427922
2926,76,126.8771851,37.50127567
2927,77,127.0559692,37.68685877
2928,77,126.9339614,37.47361931
2929,77,126.8475203,37.52995871
2930,77,126.8270683,37.53885739
2931,77,126.9531867,37.47370984
2932,77,126.8602541,37.49667843
2933,77,126.8316682,37.53077141
2934,77,126.8374145,37.52088897
2935,77,127.0792574,37.57968469
2936,77,127.0222801,37.63444973
2937,77,127.0840381,37.53463405
2938,77,126.8978669,37.46172322
2939,77,127.032418,37.64440506
2940,77,127.0785766,37.49946173
2941,77,127.0751929,37.49764689
2942,77,127.0675304,37.64904569
2943,77,126.9825529,37.47925026
2944,77,126.9950363,37.47299474
2945,77,127.1034178,37.50856135
2946,77,127.0668206,37.57603432
2947,77,127.0770739,37.5652553
2948,77,127.128095,37.55190676
2949,77,127.0279354,37.63627517
2950,77,126.8164535,37.58566613
2951,77,126.8164618,37.58476484
2952,77,127.0413863,37.66066431
2953,77,127.0609412,37.61296776
2954,77,127.0983262,37.61400227
2955,77,126.9213366,37.6439125
2956,77,127.0737078,37.55983509
2957,77,127.0737078,37.55983509
2958,77,127.0710452,37.62922907
2959,77,127.0722508,37.61661466
2960,77,127.0722508,37.61661466
2961,77,127.1095247,37.63927743
2962,77,126.8586369,37.55345459
2963,77,126.8608626,37.55797338
2964,77,126.8177259,37.57035075
2965,77,126.8301412,37.57492854
2966,77,127.1017975,37.60049387
2967,77,126.8883658,37.51755842
2968,77,127.0589677,37.56338635
2969,77,127.058973,37.56248502
2970,77,127.058973,37.56248502
2971,77,127.0356428,37.49028717
2972,77,127.0117006,37.51903408
2973,77,126.8608549,37.55887468
2974,77,127.129303,37.53658752
2975,77,127.0599462,37.5895291
2976,77,127.0445947,37.69222338
2977,77,127.075778,37.59409379
2978,77,127.0438522,37.62822573
2979,77,127.0522496,37.55074215
2980,77,126.929239,37.49973594
2981,77,126.9060274,37.57353209
2982,77,126.9060274,37.57353209
2983,77,127.1034226,37.50766
2984,77,127.1317174,37.50594889
2985,77,126.8376614,37.49294851
2986,77,126.9649835,37.5638992
2987,77,127.1463365,37.52492212
2988,77,127.1058513,37.47612045
2989,77,127.0169049,37.58936078
2990,77,126.900322,37.57891129
2991,77,126.8995368,37.53564274
2992,77,126.8168487,37.54240409
2993,77,126.7994482,37.5873691
2994,77,126.8018228,37.57566579
2995,77,126.8386654,37.50737575
2996,77,126.8714757,37.50755489
2997,77,126.8645345,37.52554475
2998,77,126.7680448,37.55563175
2999,77,126.7691857,37.55473748
3000,77,126.8771776,37.50217699
3001,77,126.9022103,37.48427922
3002,77,126.9022103,37.48427922
3003,77,126.8771851,37.50127567
